CD_CVM,CNPJ,DENOM_SOCIAL,SIT,DT_INI_SIT,TP_ENDER,LOGRADOURO,COMPL,BAIRRO,MUN,UF,CEP
9164,36.348.092/0001-42,A.C.A. - AUDITORIA E CONSULTORIA,ATIVO,2001-10-08,SEDE,"AV. NOSSA SENHORA DOS NAVEGANTES, ED. PALACIO DO CAFE 675",SL 102/103,ENSEADA DO SUÁ,VITÓRIA,ES,29050912
9482,05.209.294/0001-80,ACCOUNT - AUDITORES INDEPENDENTES S/S,ATIVO,2002-09-19,SEDE,"RUA SIRIRI, 496",1º AND SL 03,CENTRO,ARACAJU,SE,49010450
5517,20.763.801/0001-16,ACE AUDITORIA ASSESSORIA E CONSULTORIA EMPRESARIAL,ATIVO,1992-05-25,SEDE,"AV BARÃO HOMEM DE MELO, 4500",SALA 1011,ESTORIL,BELO HORIZONTE,MG,30494270
4561,33.694.225/0001-44,ACG AUDITORIA E PERICIA CONTABIL,ATIVO,1989-05-22,SEDE,"RUA QUINZE DE NOVEMBRO, 90","SALA 603, PARTE",CENTRO,NITERÓI,RJ,24020125
12840,01.780.693/0001-45,ACS AUDITORES E CONSULTORES S/S,ATIVO,2018-09-11,SEDE,"RUA CHAVES BARCELOS, 36","9º ANDAR, SALA 902",CENTRO,PORTO ALEGRE,RS,90030120
2445,83.794.925/0001-89,ACTUS AUDITORES INDEPENDENTES S/S LTDA,ATIVO,1985-06-28,SEDE,"R ASSUNCAO, 43",,PONTA AGUDA,BLUMENAU,SC,89050120
2445,83.794.925/0001-89,ACTUS AUDITORES INDEPENDENTES S/S LTDA,ATIVO,1985-06-28,FILIAL SC,"RUA FELIPE SCHMIDT, 172",SALA 605-B,CENTRO,BRUSQUE,SC,88350075
12661,26.165.186/0001-22,ADVANCE AUDITORES INDEPENDENTES SOCIEDADE SIMPLES PURA,ATIVO,2017-01-23,SEDE,"Rua Buenos Aires, 41",9º andar,Centro,RIO DE JANEIRO,RJ,20070021
11614,05.690.064/0001-85,ADVISER SUL AUDITORES INDEPENDENTES,ATIVO,2011-08-31,SEDE,"RUA DOUTOR JOÃO COLIN, 1285",SALA 3,AMÉRICA,JOINVILLE,SC,89204001
11614,05.690.064/0001-85,ADVISER SUL AUDITORES INDEPENDENTES,ATIVO,2011-08-31,FILIAL SP,"RUA CLÉLIA, 2145",13º ANDAR,LAPA,SÃO PAULO,SP,5042001
12866,29.402.795/0001-46,AF&H AUDITORES INDEPENDENTES,ATIVO,2018-11-27,SEDE,"RUA DOUTOR NETO DE ARAÚJO, 320",CJ. 1304,VILA MARIANA,SÃO PAULO,SP,4111001
9555,05.152.318/0001-01,AFAI AUDITORES INDEPENDENTES S/S,ATIVO,2002-12-02,SEDE,"Rua Vicente de Carvalho, 263",sala 06,Vila Seixas,RIBEIRÃO PRETO,SP,14020040
6238,74.190.505/0001-00,AFM AUDITORES INDEPENDENTES SOCIEDADE SIMPLES,ATIVO,1994-12-07,SEDE,"AV TANCREDO NEVES, 1632",TORR SUL - SL. 913,CAMINHO DAS ÁRVORES,SALVADOR,BA,41820915
11290,05.060.765/0001-30,AJCA AUDITORES INDEPENDENTES SS LTDA,ATIVO,2009-08-14,SEDE,"RUA MORRETES, 285",CJ. 21,PORTÃO,CURITIBA,PR,80610150
13501,26.742.576/0001-18,ALIANZO AUDITORIA S/S LTDA,ATIVO,2025-04-25,SEDE,"Avenida Areião, 599",,Setor Pedro Ludovico,GOIÂNIA,GO,74820370
11134,09.327.035/0001-04,ALLIANSSA AUDITORES ASSOCIADOS S/S LTDA,ATIVO,2009-01-09,SEDE,"Rua Pedro Alvares Cabral, 574",Sala 201,Centro,ERECHIM,RS,99700252
2518,52.572.500/0001-00,"ALONSO, BARRETTO  & CIA. -  AUDITORES INDEPENDENTES",ATIVO,1984-05-22,SEDE,"RUA AGOSTINHO GOMES, 2675",,IPIRANGA,SÃO PAULO,SP,4206001
9393,01.745.292/0001-54,ALPHA - AUDITORES INDEPENDENTES,ATIVO,2002-04-08,SEDE,"R VISCONDE DE NACAR, 865",CONJ. 307,CENTRO,CURITIBA,PR,80410201
12941,06.227.120/0001-02,AMG AUDITORES INDEPENDENTES,ATIVO,2019-01-30,SEDE,"AV. ASSIS CHATEAUBRIAND, 591",,FLORESTA,BELO HORIZONTE,MG,30150101
6114,00.117.918/0001-15,ANDREOLI & ASSOC AUDITORES INDEPENDENTES SOC SIMPLES,ATIVO,1994-09-08,SEDE,"Avenida Ibirapuera, 2033, 2033",8º Andar Cj 81,Indianópolis,SÃO PAULO,SP,4029901
9210,04.310.873/0001-51,ANEND AUDITORES INDEPENDENTES,ATIVO,2001-11-23,SEDE,"RUA MAYRINK VEIGA, 4",SALA 1501,CENTRO,RIO DE JANEIRO,RJ,20090050
7633,02.964.142/0001-02,ÁPICE AUDITORES INDEPENDENTES S/S,ATIVO,1999-04-08,SEDE,"AV. BERNARDINO DE CAMPOS, 327",6º AND CJ.62  P/72,PARAISO,SÃO PAULO,SP,4004050
2852,51.652.493/0001-85,APPLY AUDITORES ASSOCIADOS,ATIVO,1980-12-22,SEDE,"AVENIDA ANA COSTA, 79",8º ANDAR - S/82,GONZAGA,SANTOS,SP,11060001
11223,06.017.215/0001-00,APPROACH AUDITORES INDEPENDENTES S/S,ATIVO,2009-04-01,SEDE,"RUA DR. GURGEL, 1041",,CENTRO,PRESIDENTE PRUDENTE,SP,19015140
11223,06.017.215/0001-00,APPROACH AUDITORES INDEPENDENTES S/S,ATIVO,2009-04-01,FILIAL SÃO PAULO,"RUA CEL. SPINOLA DE CASTRO, 3635",SL. 132,VILA IMPERIAL,SÃO JOSÉ DO RIO PRETO,SP,15015500
13269,39.523.799/0001-36,APTER AUDITORES INDEPENDENTES S/S,ATIVO,2022-09-26,SEDE,"AV GISELE CONSTANTINO, 1850",SL 603 ED IGUATEMI,PARQUE BELA VISTA,VOTORANTIM,SP,18110650
13129,40.335.900/0001-04,AQUILA - AUDITORES INDEPENDENTES,ATIVO,2021-08-17,SEDE,"RUA VEREADOR BASILIO SAUTCHUK, 856","ED. EVOLUTION, 16º ANDAR - SL. 1601",ZONA 01,MARINGÁ,PR,87013190
13129,40.335.900/0001-04,AQUILA - AUDITORES INDEPENDENTES,ATIVO,2021-08-17,FILIAL CASCAVEL,"RUA RIO DE JANEIRO, 992","ANDAR SUPERIOR - ED. RIO CENTER, SL. 07",CENTRO,CASCAVEL,PR,85801030
12734,07.649.512/0001-22,AREZU AUDITORIA E CONTABILIDADE S/S,ATIVO,2017-09-26,SEDE,"RUA CORONEL BENEDITO PIRES, 44",6º ANDAR -  SL 602,CENTRO,SOROCABA,SP,18010160
10804,09.139.788/0001-96,ATAC - AUDITORES INDEPENDENTES SOC. SIMPLES,ATIVO,2007-12-04,SEDE,"RUA DR. LUIZ SUPLICY, 18",,GONZAGA,SANTOS,SP,11055330
9083,03.208.310/0001-94,ATHROS AUDITORES INDEPENDENTES,ATIVO,2001-08-21,SEDE,"AVENIDA PORTUGAL, 141","CONJ. 61, 62 E 63",CENTRO,SANTO ANDRÉ,SP,9040010
11240,06.958.674/0001-80,AUDCORP AUDITORIA E ASSESSORIA S/S,ATIVO,2009-07-10,SEDE,"AV. PRINCESA D'OESTE, 1645",BL. C/4º AND/CJ.44,JD. PARAÍSO,CAMPINAS,SP,13026137
5045,64.184.922/0001-89,AUDIBANCO - AUDITORES INDEPENDENTES SOCIEDADE SIMPLES,ATIVO,1990-12-14,SEDE,"RUA ISAURA COMICHOLE PIRES, 39",,CAPOEIRAS,FLORIANÓPOLIS,SC,88090130
5045,64.184.922/0001-89,AUDIBANCO - AUDITORES INDEPENDENTES SOCIEDADE SIMPLES,ATIVO,1990-12-14,FILIAL SP,"AV. BRIG. LUIS ANTONIO, 2050",3º ANDAR,,SÃO PAULO,SP,1318002
10359,07.341.692/0001-80,AUDIBRAS - AUDITORES E CONSULTORES S/S,ATIVO,2005-08-31,SEDE,"AV MARIANA UBALDINA DO ESPÍRITO SANTO, 623","9º ANDAR, CONJ. 91",BOM CLIMA,GUARULHOS,SP,7197000
8850,02.057.035/0001-92,AUDICONSULT AUDITORES S/S,ATIVO,2001-01-05,SEDE,"RUA ANTÔNIO SCHERER, 543",SL. 102,KOBRASOL,SÃO JOSÉ,SC,88102090
6475,13.069.281/0001-80,AUDICONT- AUDITORES E CONSULTORES,ATIVO,1996-02-14,SEDE,"R.CORONEL ALMERINDO REHEM, 126",SALAS 605 A 612,CAMINHO DAS ARVORES,SALVADOR,BA,41820768
10227,07.037.795/0001-51,AUDIFACTOR AUDITORES INDEPENDENTES S/S LTDA,ATIVO,2005-01-21,SEDE,"RUA ALMIRANTE BARROSO, 1265",SALA 04,VILA NOVA,BLUMENAU,SC,89035402
10227,07.037.795/0001-51,AUDIFACTOR AUDITORES INDEPENDENTES S/S LTDA,ATIVO,2005-01-21,FILIAL CURITIBA,"RUA SENADOR BATISTA DE OLIVEIRA, 303",CASA 02,JD DAS AMÉRICAS,CURITIBA,PR,81530150
3093,61.205.639/0001-06,AUDIFISCO AUDITORES INDEPENDENTES S/S,ATIVO,1978-11-01,SEDE,"RUA ALFERES MAGALHÃES, 92",7º AND. / CJ. 71,SANTANA,SÃO PAULO,SP,2034006
8290,38.050.282/0001-04,AUDIGER AUDITORES INDEPENDENTES S/S,ATIVO,1999-12-13,SEDE,"SRTVN, 124","Q701 CJ C ALA B, SL734/737",ASA NORTE,BRASÍLIA,DF,70719903
7056,02.163.575/0001-50,AUDILINK & CIA. AUDITORES,ATIVO,1998-03-02,SEDE,"Rua Augusta, 890","Conjuntos 604 e 605, Condomínio Belaugusta",Consolação,SÃO PAULO,SP,1304001
7056,02.163.575/0001-50,AUDILINK & CIA. AUDITORES,ATIVO,1998-03-02,ELDORADO DO SUL/RS,"RUA MARTINHO POETA, 323",,PICADA,ELDORADO DO SUL,RS,92990000
12327,11.254.307/0001-35,AUDIMEC AUDITORES INDEPENDENTES S/S - EPP,ATIVO,2015-03-25,SEDE,"AV. GOV. AGAMENON MAGALHÃES, 2615",SL. 1503,BOA VISTA,RECIFE,PE,50050290
7218,52.350.063/0001-71,AUDIOESP - AUDITORIA E CONSULTORIA S/S,ATIVO,1998-08-25,SEDE,"AV BARÃO DE ITAPURA, 2294","SALAS 13, 18 E 19",JARDIM GUANABARA,CAMPINAS,SP,13073300
3166,42.165.506/0001-09,AUDIPEC AUDITORIA E PERÍCIA CONTÁBIL S/S,ATIVO,1978-11-01,SEDE,"Avenida das Américas, 3333",Sala 1012,Barra da Tijuca,RIO DE JANEIRO,RJ,22631003
5290,23.626.575/0001-10,AUDÍPER - AUD INDEP SOCIEDADE SIMPLES,ATIVO,1991-10-09,SEDE,"RUA ARLINDO NOGUEIRA, 614",SUL,CENTRO,TERESINA,PI,64000290
6963,41.396.359/0001-07,AUDIPLAC AUDITORIA E ASSESSORIA CONTÁBIL S/S,ATIVO,1997-10-01,SEDE,"AV SANTOS DUMONT, 2122","SALAS 108, 109 E 110",ALDEOTA,FORTALEZA,CE,60150161
11606,00.298.818/0001-32,AUDIPLAN AUDITORES INDEPENDENTES,ATIVO,2011-08-18,SEDE,"RUA JORNALISTA OCTAVIO SECUNDI, 370",,BOM RETIRO,CURITIBA,PR,80520480
5690,63.806.830/0001-20,AUDITAN - AUDITORIA INDEPENDENTE,ATIVO,1992-09-02,SEDE,"RODOVIA BR 316, 5610",ED. J. K. S/202,CASTANHEIRA,BELÉM,PA,66645000
12521,42.185.769/0001-71,AUDITASSE AUDITORES INDEPENDENTES S/S,ATIVO,2016-05-24,SEDE,"RUA  ASSEMBLEIA, 10",S/1312,CENTRO,RIO DE JANEIRO,RJ,20011000
11177,10.636.276/0001-14,AUDITBRASIL AUDITORES INDEPENDENTES S/S,ATIVO,2009-04-01,SEDE,"LRG DO PAISSANDU, 72","11º ANDAR, CONJ. 1108",CENTRO,SÃO PAULO,SP,1034010
13404,34.487.691/0001-11,AUDITÉCNICA AUDITORES INDEPENDENTES,ATIVO,2023-07-17,SEDE,"AVENIDA SETE DE SETEMBRO, 500",ED PRIME SALA 301,RESIDENCIAL BALDASSARI,FRANCA,SP,14401278
7528,02.956.745/0001-54,AUDITÓR - AUDITORES INDEPENDENTES LTDA.,ATIVO,1999-02-25,SEDE,"AV FRANKLIN ROOSEVELT, 23",GR. 804,CENTRO,RIO DE JANEIRO,RJ,20021120
8575,81.617.821/0001-73,AUDSISTEM AUDITORES INDEPENDENTES,ATIVO,2000-05-24,SEDE,"R JOÃO PINTO, 30",SALA 704,CENTRO,FLORIANÓPOLIS,SC,88010420
11819,14.754.093/0001-54,AWARD AUDITORES INDEPENDENTES S/S,ATIVO,2012-04-16,SEDE,"AVENIDA DOUTOR ANILOEL NAZARETH, 3640",TÉRREO,JARDIM FUSCALDO,SÃO JOSÉ DO RIO PRETO,SP,15061330
10340,04.867.918/0001-93,AXCEL AUDITORES INDEPENDENTES S/S,ATIVO,2005-08-30,SEDE,"RUA EMILIANO PERNETA, 424",CONJUNTO 142,CENTRO,CURITIBA,PR,80420080
13048,27.255.192/0001-33,AZEVEDO AUDITORES INDEPENDENTES S/S,ATIVO,2020-09-28,SEDE,"RUA MONSENHOR CLARO, 0","QD 10-70, SALA 201",VILA MESQUITA,BAURU,SP,17014360
12076,18.596.945/0001-83,BAKER TILLY 4PARTNERS AUDITORES INDEPENDENTES LTDA.,ATIVO,2014-04-02,SEDE,"RUA CASTILHO, 392",CJS 31 E 32,BROOKLIN PAULISTA,SÃO PAULO,SP,4568010
12076,18.596.945/0001-83,BAKER TILLY 4PARTNERS AUDITORES INDEPENDENTES LTDA.,ATIVO,2014-04-02,FILIAL SP,"RUA JOSÉ VERSOLATO, 111 - COND. DOMO BUSINESS",SL. 3609,CENTRO,SÃO BERNARDO DO CAMPO,SP,9750730
13510,24.935.493/0001-10,BAKER TILLY BRASIL GO AUDITORES INDEPENDENTES S/S,ATIVO,2025-06-17,SEDE,"Avenida 136, 761",Quadra F44 Lote 02 E Edif Nasa Andar 11 Parte B10,Setor Sul,GOIÂNIA,GO,74093250
11533,26.230.862/0001-02,BAKER TILLY BRASIL MG AUDITORES INDEPENDENTES LTDA.,ATIVO,2011-01-25,SEDE,"Avenida Getúlio Vargas, 1671",6º andar,Savassi,BELO HORIZONTE,MG,30112024
11533,26.230.862/0001-02,BAKER TILLY BRASIL MG AUDITORES INDEPENDENTES LTDA.,ATIVO,2011-01-25,FILIAL BRASÍLIA,"SBS Quadra 2, 12",BL E - SL 206 - SOBRELOJA - PARTE P6,Asa Sul,BRASÍLIA,DF,70070120
11932,13.859.935/0001-70,BAKER TILLY BRASIL RJ AUDITORES INDEPENDENTES LTDA.,ATIVO,2012-12-20,SEDE,"AV. RIO BRANCO, 53",302,CENTRO,RIO DE JANEIRO,RJ,20090004
12360,21.601.212/0001-02,BAKER TILLY BRASIL RS AUDITORES INDEPENDENTES - SOCIEDADE SIMPLES,ATIVO,2015-05-28,SEDE,"Avenida Carlos Gomes, 1340",sala 1202,Boa Vista,PORTO ALEGRE,RS,90480000
5622,92.236.215/0001-24,BARBACOVI E CIA AUDITORES INDEPENDENTES,ATIVO,1992-07-08,SEDE,"RUA SILVEIRO, 597",SL. 101,MENINO DEUS,PORTO ALEGRE,RS,90850000
9687,05.471.124/0001-79,"BASILIO, FRANCO - AUDITORES INDEPENDENTES S/S",ATIVO,2003-04-10,SEDE,"RUA EMILIANO PERNETA, 725","ED. SAINT LOUIS BUSINESS, CJ. 903",CENTRO,CURITIBA,PR,80420080
8613,02.528.637/0001-80,BAUER AUDITORES ASSOCIADOS,ATIVO,2000-07-05,SEDE,"RUA BERNARDO GUIMARÃES, 2717",CJ 1001/1002,LOURDES,BELO HORIZONTE,MG,30140082
5193,40.184.046/0001-22,BAZZANEZE AUDITORES INDEPENDENTES S/S,ATIVO,1991-05-07,SEDE,"RUA DES WESTPHALEN, 868",10º ANDAR,REBOUÇAS,CURITIBA,PR,80230100
10499,04.709.400/0001-21,BC CONTROL AUDITORES INDEPENDENTES S/S,ATIVO,2006-03-15,SEDE,"AVENIDA ANGÉLICA, 1757",CJ. 51 - HIGIENÓPOLIS,CONSOLAÇÃO,SÃO PAULO,SP,1227200
10324,54.276.936/0001-79,BDO RCS AUDITORES INDEPENDENTES - SOCIEDADE SIMPLES LIMITADA,ATIVO,2005-08-16,SEDE,"R. MAJOR QUEDINHO, 90",3º ANDAR,CENTRO,SÃO PAULO,SP,1050901
10324,54.276.936/0001-79,BDO RCS AUDITORES INDEPENDENTES - SOCIEDADE SIMPLES LIMITADA,ATIVO,2005-08-16,FILIAL,"RUA PARAÍBA, 1000","ED. ASAMAR, 6º AND/601",SAVASSI,BELO HORIZONTE,MG,30130145
10324,54.276.936/0001-79,BDO RCS AUDITORES INDEPENDENTES - SOCIEDADE SIMPLES LIMITADA,ATIVO,2005-08-16,FILIAL 01,"AV. DOUTOR ANTÔNIO GOMES DE BARROS, 625","ED THE AQUARE PARK OFFICE, SL. 504",JATIÚCA,MACEIÓ,AL,57036000
10324,54.276.936/0001-79,BDO RCS AUDITORES INDEPENDENTES - SOCIEDADE SIMPLES LIMITADA,ATIVO,2005-08-16,FILIAL CE,"AV. DESEMBARGADOR MOREIRA, 2120",SLS. 707 / 8,ALDEOTA,FORTALEZA,CE,60170002
10324,54.276.936/0001-79,BDO RCS AUDITORES INDEPENDENTES - SOCIEDADE SIMPLES LIMITADA,ATIVO,2005-08-16,FILIAL CAMPINAS,"Rua José Pires Neto, 314","5º andar, sala 52",Cambuí,CAMPINAS,SP,13025170
10324,54.276.936/0001-79,BDO RCS AUDITORES INDEPENDENTES - SOCIEDADE SIMPLES LIMITADA,ATIVO,2005-08-16,FILIAL RIBEIRÃO PRETO,"AV. PRES. VARGAS, 2121",CJS. 2002 A 2004,ED. TIME SQUARE,RIBEIRÃO PRETO,SP,14020260
10324,54.276.936/0001-79,BDO RCS AUDITORES INDEPENDENTES - SOCIEDADE SIMPLES LIMITADA,ATIVO,2005-08-16,FILIAL CURITIBA,"AV. SILVA JARDIM, 2042","8º ANDAR, CJ 803 E 805",REBOUÇAS,CURITIBA,PR,80250200
10324,54.276.936/0001-79,BDO RCS AUDITORES INDEPENDENTES - SOCIEDADE SIMPLES LIMITADA,ATIVO,2005-08-16,FILIAL LONDRINA,"Avenida Ayrton Senna da Silva, 500","sala 303, Condomínio Torre Di Pietra, Palhano 1",Gleba Fazenda Palhano,LONDRINA,PR,86050460
10324,54.276.936/0001-79,BDO RCS AUDITORES INDEPENDENTES - SOCIEDADE SIMPLES LIMITADA,ATIVO,2005-08-16,FILIAL FLORIANÓPOLIS,"RUA CRISTOVÃO NUNES PIRES, 110",SALA 603,CENTRO,FLORIANÓPOLIS,SC,88010120
10324,54.276.936/0001-79,BDO RCS AUDITORES INDEPENDENTES - SOCIEDADE SIMPLES LIMITADA,ATIVO,2005-08-16,FILIAL PORTO ALEGRE,"R. ANDRÉ PUENTE, 441",SL. 305,CENTRO PROF. UNO,PORTO ALEGRE,RS,90035150
10324,54.276.936/0001-79,BDO RCS AUDITORES INDEPENDENTES - SOCIEDADE SIMPLES LIMITADA,ATIVO,2005-08-16,FILIAL GOIANIA,"Avenida 136, 797","Quadra FL44, Lote 36E, Condomínio New York Square Business, salas 1803, 1804 e 1805",Setor Sul,GOIÂNIA,GO,74093250
10324,54.276.936/0001-79,BDO RCS AUDITORES INDEPENDENTES - SOCIEDADE SIMPLES LIMITADA,ATIVO,2005-08-16,FILIAL SANTO ANDRÉ (SP),"AV. INDUSTRIAL, 1680",SLS. 1511/12/13,CAMPESTRE,SANTO ANDRÉ,SP,9080501
10324,54.276.936/0001-79,BDO RCS AUDITORES INDEPENDENTES - SOCIEDADE SIMPLES LIMITADA,ATIVO,2005-08-16,FILIAL BELEM,"TRAVESSA DOM ROMUALDO DE SEIXAS, 1476","23º ANDAR, SLS. 2307 / 8",UMARIZAL,BELÉM,PA,66055200
10324,54.276.936/0001-79,BDO RCS AUDITORES INDEPENDENTES - SOCIEDADE SIMPLES LIMITADA,ATIVO,2005-08-16,FILIAL MANAUS,"AV JORNALISTA HUMBERTO CALDERARO FILHO, 455","6º ANDAR - ED CRISTAL TOWER, SLS. 615/16",ADRIANÓPOLIS,MANAUS,AM,69057015
10324,54.276.936/0001-79,BDO RCS AUDITORES INDEPENDENTES - SOCIEDADE SIMPLES LIMITADA,ATIVO,2005-08-16,FILIAL CUIABÁ,"AV. HISTORIADOR RUBENS DE MENDONÇA, 2368",SL. 908,BOSQUE DA SAÚDE,CUIABÁ,MT,78050000
10324,54.276.936/0001-79,BDO RCS AUDITORES INDEPENDENTES - SOCIEDADE SIMPLES LIMITADA,ATIVO,2005-08-16,FILIAL RECIFE,"AV. REPÚBLICA DO LÍBANO, 251","TORRE A, 27º ANDAR",PINA,RECIFE,PE,51110160
10324,54.276.936/0001-79,BDO RCS AUDITORES INDEPENDENTES - SOCIEDADE SIMPLES LIMITADA,ATIVO,2005-08-16,FILIAL SOROCABA,"AV. CARLOS COMITRE, 525","ED CRYSTAL PLAZA, SLS. 43, 44, 45 e 46",PARQUE CAMPOLIM,SOROCABA,SP,18047620
10324,54.276.936/0001-79,BDO RCS AUDITORES INDEPENDENTES - SOCIEDADE SIMPLES LIMITADA,ATIVO,2005-08-16,FILIAL VITÓRIA,"RUA JOSÉ ALEXANDRE BUAIZ, 190",SLS. 1016 / 17,ENSEADA DO SUÁ,VITÓRIA,ES,29050918
10324,54.276.936/0001-79,BDO RCS AUDITORES INDEPENDENTES - SOCIEDADE SIMPLES LIMITADA,ATIVO,2005-08-16,FILIAL SÃO JOSÉ DOS CAMPOS,"AV. SÃO JOÃO, 2375","14º ANDAR, SLS. 1402 / 5",JD. DAS COLINAS,SÃO JOSÉ DOS CAMPOS,SP,12242000
10324,54.276.936/0001-79,BDO RCS AUDITORES INDEPENDENTES - SOCIEDADE SIMPLES LIMITADA,ATIVO,2005-08-16,FILIAL BRASÍLIA,"SETOR DE AUTARQUIAS SUL, SAUS, 0","QUADRA 4, LOTES 09/10 - BLOCO A - 10º ANDAR, SLS. 1014/16",,BRASÍLIA,DF,70070938
10324,54.276.936/0001-79,BDO RCS AUDITORES INDEPENDENTES - SOCIEDADE SIMPLES LIMITADA,ATIVO,2005-08-16,FILIAL SALVADOR,"AV. TANCREDO NEVES, 2539","SLS. 1407 A 1412 - ED CEO SALVADOR SHOPPING, TORRE B /NOVA IORK",CAMINHO DAS ÁRVORES,SALVADOR,BA,41820021
10324,54.276.936/0001-79,BDO RCS AUDITORES INDEPENDENTES - SOCIEDADE SIMPLES LIMITADA,ATIVO,2005-08-16,FILIAL BELO HORIZONTE,"RUA PARAÍBA, 1000","ED. ASAMAR, 6º AND/601",SAVASSI,BELO HORIZONTE,MG,30130145
10324,54.276.936/0001-79,BDO RCS AUDITORES INDEPENDENTES - SOCIEDADE SIMPLES LIMITADA,ATIVO,2005-08-16,FILIAL CAMPO GRANDE,"AV. AFONSO PENA, 5723",SALA 1201,SANTA FÉ,CAMPO GRANDE,MS,79031010
10324,54.276.936/0001-79,BDO RCS AUDITORES INDEPENDENTES - SOCIEDADE SIMPLES LIMITADA,ATIVO,2005-08-16,FILIAL RIO DE JANEIRO,"AV. BARÃO DE TEFÉ, 27","ED. L'ÓREAL, 9º AND - SL. 901",SAÚDE,RIO DE JANEIRO,RJ,20220460
10324,54.276.936/0001-79,BDO RCS AUDITORES INDEPENDENTES - SOCIEDADE SIMPLES LIMITADA,ATIVO,2005-08-16,FILIAL UBERLANDIA - MG,"AV. RONDON PACHECO, 381",SLS. 302 e 303,TABAJARAS,UBERLÂNDIA,MG,38400242
12297,21.449.300/0001-22,BERKAN AUDITORES INDEPENDENTES S/S LTDA,ATIVO,2015-01-22,SEDE,"Rua Joinville, 308",Sala 202,Vila Nova,BLUMENAU,SC,89035200
10383,03.559.971/0001-64,BEZ AUDITORES INDEPENDENTES LTDA.,ATIVO,2005-10-03,SEDE,"Rua Santos Dumont, 2302",Edifício Maison Vert - sala 201,Zona 01,MARINGÁ,PR,87013050
13439,50.696.344/0001-55,BGM AUDITORES INDEPENDENTES S/S LTDA,ATIVO,2023-12-01,SEDE,"Rua Luigi Galvani, 42","Conjunto 35, 3º andar, Edifício Berrini Sul",Cidade Monções,SÃO PAULO,SP,4575020
7366,47.174.537/0001-31,BINAH SP AUDITORES INDEPENDENTES,ATIVO,1998-11-04,SEDE,"RUA ESTELA, 515","BL. C, 14º AND - CJ.142",VL. MARIANA,SÃO PAULO,SP,4011002
5363,40.262.602/0001-31,"BKR - LOPES, MACHADO AUDITORES",ATIVO,1992-01-28,SEDE,"AV. GRAÇA ARANHA, 416","11º ANDAR- PARTE SLS 1101 A 1107, SLS 1111 A 1119 - 1121 A 1125",CENTRO,RIO DE JANEIRO,RJ,20030001
5363,40.262.602/0001-31,"BKR - LOPES, MACHADO AUDITORES",ATIVO,1992-01-28,FILIAL MG,"AV.  PRUDENTE DE MORAES, 444",SL. 504,,BELO HORIZONTE,MG,30380000
10855,06.096.033/0001-63,BLB - AUDITORES INDEPENDENTES,ATIVO,2008-01-30,SEDE,"AV. PRESIDENTE VARGAS, 2121",CONJ. 603,JD. AMÉRICA,RIBEIRÃO PRETO,SP,14020260
10855,06.096.033/0001-63,BLB - AUDITORES INDEPENDENTES,ATIVO,2008-01-30,FILIAL GOIANIA,"AV. 136, 761","QUADRA F44, LOTE 2E - SL. A1",SETOR SUL,GOIÂNIA,GO,74093250
13463,33.761.508/0001-61,BLB BRASIL AUDITORES INDEPENDENTES SP,ATIVO,2024-01-08,SEDE,"AL. JOAQUIM EUGÊNIO DE LIMA, 680",CONJUNTO 63,JARDIM PAULISTA,SÃO PAULO,SP,1403901
11185,10.583.758/0001-53,BORN AUDITORES INDEPENDENTES,ATIVO,2009-04-01,SEDE,"Avenida Barbacena, 472",sala 903,Barro Preto,BELO HORIZONTE,MG,30190130
3190,62.650.403/0001-33,"BOUCINHAS, CAMPOS & CONTI AUDITORES INDEPENDENTES S/S",ATIVO,1978-11-01,SEDE,"RUA BARÃO DE ITAPETININGA, 140",4 AND CJ. 42,CENTRO,SÃO PAULO,SP,1042020
3190,62.650.403/0001-33,"BOUCINHAS, CAMPOS & CONTI AUDITORES INDEPENDENTES S/S",ATIVO,1978-11-01,FILIAL RJ,"AV. RIO BRANCO, 122",21º ANDAR,CENTRO,RIO DE JANEIRO,RJ,20040001
3190,62.650.403/0001-33,"BOUCINHAS, CAMPOS & CONTI AUDITORES INDEPENDENTES S/S",ATIVO,1978-11-01,FILIAL MG,"AV. AUGUSTO DE LIMA, 1646",17º AND / SL. 1709,BARRO PRETO,BELO HORIZONTE,MG,30190003
3190,62.650.403/0001-33,"BOUCINHAS, CAMPOS & CONTI AUDITORES INDEPENDENTES S/S",ATIVO,1978-11-01,FILIAL SÃO PAULO,"RUA ARANDU, 281",9º AND/ CJS. 91/2,BROOKLIN,SÃO PAULO,SP,4562030
3190,62.650.403/0001-33,"BOUCINHAS, CAMPOS & CONTI AUDITORES INDEPENDENTES S/S",ATIVO,1978-11-01,ENDERECO INFO DIVDAT_MULTA,"RUA BARÃO DE ITAPETININGA, 140",4º ANDAR,CENTRO,SÃO PAULO,SP,1042020
12378,20.289.662/0001-30,BRAVAU AUDITORES INDEPENDENTES S/S - EPP,ATIVO,2015-05-28,SEDE,"RUA 123, 41","QUADRA F37, LOTE 03, SALA 2",SETOR SUL,GOIÂNIA,GO,74093040
9652,05.453.629/0001-00,C SERV & AUDITORES ASSOCIADOS,ATIVO,2003-02-27,SEDE,"RUA GUAIANAZES, 1278",CASA,PORTÃO,CURITIBA,PR,80320240
3786,89.324.610/0001-54,CAPITAL AUDITORIA CONTÁBIL E FISCAL S/S,ATIVO,1978-11-01,SEDE,"R ANDRE PUENTE, 238",,INDEPENDENCIA,PORTO ALEGRE,RS,90035150
12394,21.106.824/0001-10,CARRARO & ASSOCIADOS AUDITORES INDEPENDENTES - SOCIEDADE SIMPLES,ATIVO,2015-08-25,SEDE,"AV. ALBERTO BINS, 325",CONJ 49,CENTRO HISTÓRICO,PORTO ALEGRE,RS,90030142
8842,24.519.787/0001-60,CASS AUDITORES E CONSULTORES S/S LTDA  - AUDITORES INDEPENDENTES,ATIVO,2000-11-30,SEDE,"Rua Raimundo Chaves, 2182","Centro Empresarial Candelária, Sala 501",Candelária,NATAL,RN,59064390
2453,17.275.579/0001-06,CASTRO SERRA NIRDO - AUDITORES INDEPENDENTES,ATIVO,1978-11-01,SEDE,"Rua Major Lopes, 460",TERREO,São Pedro,BELO HORIZONTE,MG,30330050
11355,10.893.640/0001-21,CEC AUDITORES INDEPENDENTES S/S,ATIVO,2009-11-04,SEDE,"Avenida República Argentina, 2403",9º Andar - Cj 95,Portão,CURITIBA,PR,80610260
11088,09.631.256/0001-71,CHRONUS - AUDITORES INDEPENDENTES S/S,ATIVO,2008-11-24,SEDE,"RUA DO SOSSEGO, 298",,BOA VISTA,RECIFE,PE,50050080
13498,54.080.721/0001-88,CLA - CLIFTON LARSON ALLEN BRASIL AUDITORES INDEPENDETES LTDA,ATIVO,2024-09-17,SEDE,"Avenida das Nações Unidas, 11541, 11541","18º andar, conjunto 182",Brooklin Paulista,SÃO PAULO,SP,4578907
10308,04.872.241/0001-81,CND CONAUD - AUDITORES INDEPENDENTES S/S,ATIVO,2005-07-26,SEDE,"AV. COSTÁBILE ROMANO, 2810","T, SALA 04",RIBEIRÂNIA,RIBEIRÃO PRETO,SP,14096275
7021,38.756.912/0001-60,COKINOS & ASSOCIADOS AUDITORES INDEPENDENTES,ATIVO,1998-01-05,SEDE,"R ESTELA, 515",BL. F - S/191/2,VILA MARIANA,SÃO PAULO,SP,4011002
12750,28.455.792/0001-08,CONATUS AUDITORES INDEPENDENTES S/S,ATIVO,2017-12-14,SEDE,"AVENIDA ANGÉLICA, 2491","5º ANDAR, SALA 58",CONSOLAÇÃO,SÃO PAULO,SP,1227902
11886,15.417.635/0001-66,CONCEPT AUDITORES INDEPENDENTES S/S,ATIVO,2012-08-08,SEDE,"RUA ARMIN PRUSSE, 41",,CENTRO,CURITIBA,PR,80060010
9636,05.452.311/0001-05,CONFIANCE AUDITORES INDEPENDENTES,ATIVO,2003-02-14,SEDE,"AV. VEREADOR JOSÉ DINIZ, 3725","4º ANDAR, CJ. 43",CAMPO BELO,SÃO PAULO,SP,4603004
2909,89.859.466/0001-50,CONFIDOR AUDITORES ASSOCIADOS,ATIVO,1979-10-25,SEDE,"TRAVESSA AZEVEDO,178",,FLORESTA,PORTO ALEGRE,RS,90220200
10960,09.286.707/0001-80,CONSULCAMP AUDITORIA,ATIVO,2008-06-06,SEDE,"RUA CONCEIÇÃO, 233",23º AND - CJ. 2310,CENTRO,CAMPINAS,SP,13010916
2755,77.998.276/0001-35,CONSULT - AUDITORES INDEPENDENTES,ATIVO,1984-10-03,SEDE,"R  MATEUS LEME, 2004",TÉRREO,CENTRO CÍVICO,CURITIBA,PR,80530010
2755,77.998.276/0001-35,CONSULT - AUDITORES INDEPENDENTES,ATIVO,1984-10-03,FILIAL CASCAVEL,"Rua Natal, 2610",,Recanto Tropical,CASCAVEL,PR,85807100
13471,41.835.722/0001-43,CONSULT AUDITORES E CONSULTORES ASSOCIADOS,ATIVO,2024-05-29,SEDE,"RUA GERMANO PETERSEN JUNIOR, null",Nº 107 - SALA 402,HIGIENÓPOLIS,PORTO ALEGRE,RS,90540140
13471,41.835.722/0001-43,CONSULT AUDITORES E CONSULTORES ASSOCIADOS,ATIVO,2024-05-29,FILIAL CURITIBA,"RUA MATEUS LEME, 2004, null",TÉRREO,CENTRO CÍVICO,CURITIBA,PR,80530070
6025,73.727.240/0001-66,CONTAUD AUDITORES INDEPENDENTES,ATIVO,1994-04-08,SEDE,"RUA COMANDANTE COSTA, 1177",,CENTRO,CUIABÁ,MT,78020400
10707,07.757.896/0001-05,CONTROL AUDITORIA E CONTABILIDADE,ATIVO,2007-05-07,SEDE,"RUA SERRA DE BOCAINA, 454",SLS. 03 / 04,QUARTA PARADA,SÃO PAULO,SP,3174000
6335,23.562.663/0001-03,CONTROLLER AUDITORIA E ASSESSORIA CONTÁBIL S/S,ATIVO,1995-08-09,SEDE,"RUA MONSENHOR BRUNO, 1600",,ALDEOTA,FORTALEZA,CE,60115191
7706,03.061.922/0001-05,CONVICTA AUDITORES INDEPENDENTES S/S LTDA.,ATIVO,1999-04-28,SEDE,"RUA DOM VITAL, 115",SALA 15,FAROL,MACEIÓ,AL,57051200
9911,05.957.002/0001-97,COOPERAUDI AUDITORES INDEPENDENTES,ATIVO,2004-01-19,SEDE,"RUA SÃO PAULO, 1071",SL. 1.308,CENTRO,BELO HORIZONTE,MG,30170907
13420,42.695.523/0001-40,CORPORATIVA AUDITORIA E CONSULTORIA LTDA,ATIVO,2023-08-02,SEDE,"AV PAU BRASIL LOTE, Nº 10",SALA 1322,AGUAS CLARAS,BRASÍLIA,DF,71926000
6610,51.703.924/0001-95,COTRIM & ASSOCIADOS AUDITORES INDEPENDENTES - SOCIEDADE SIMPLES,ATIVO,1996-09-09,SEDE,"R.CLAUDIO SOARES, 72","CJ 1602, 16º ANDAR",PINHEIROS,SÃO PAULO,SP,5422030
8974,04.253.002/0001-43,COUTINHO & ASSOCIADOS AUDITORES INDEPENDENTES S/S,ATIVO,2001-04-11,SEDE,"R DR JOAQUIM AUGUSTO DE CAMARGO, 2",,PARQUE BOTURUSSU,SÃO PAULO,SP,3803020
10154,06.069.388/0001-63,CPN AUDITORES INDEPENDENTES S/S,ATIVO,2004-08-04,SEDE,"RUA JOVINO DO ROSÁRIO, 901",,BOA VISTA,CURITIBA,PR,82560435
12459,22.985.155/0001-67,CROWE MACRO AUDITORES INDEPENDENTES SOCIEDADE SIMPLES,ATIVO,2015-12-07,SEDE,"RUA MACHADO DE ASSIS, 797",8º ANDAR - SALA 812,CENTRO,OSASCO,SP,6018030
10898,07.941.643/0001-89,CSS AUDITORES INDEPENDENTES,ATIVO,2008-04-01,SEDE,"RUA VISCONDE DO RIO BRANCO, 3092",,CENTRO,CASCAVEL,PR,85810180
8362,03.529.911/0001-07,D'AGOSTINI CONSULTORIA E AUDITORIA S/S,ATIVO,2000-02-15,SEDE,"RUA CARLOS MARTINS, 1120","ED., SLS 201, 203 E 204",JARDIM CAMBURI,VITÓRIA,ES,29090060
13005,27.562.285/0001-00,DATASENIOR AUDITORES INDEPENDENTES SS,ATIVO,2020-02-20,SEDE,"RUA MYLTHO ANSELMO DA SILVA, 1497",,MERCÊS,CURITIBA,PR,80810060
10537,02.971.670/0001-80,DAVI & CORRÊA AUDITORES INDEPENDENTES SOCIEDADE SIMPLES,ATIVO,2006-04-18,SEDE,"RUA VICENTE DA FONTOURA, 1399",SL 01/02,RIO BRANCO,PORTO ALEGRE,RS,90640000
6971,26.678.045/0001-03,DCA AUDITORES INDEPENDENTES S/S,ATIVO,1997-10-01,SEDE,AV BELA VISTA,"Quadra 25, Lote 01, Edifício Francisco Marinho",JARDIM DAS ESMERALDAS,APARECIDA DE GOIÂNIA,GO,74905020
6971,26.678.045/0001-03,DCA AUDITORES INDEPENDENTES S/S,ATIVO,1997-10-01,FILIAL GOIANIA,"RUA 1, 522",QUADRA 9 - LOTE 19 -,JARDIM SANTO ANTÔNIO,GOIÂNIA,GO,74853130
7587,61.885.190/0001-66,DE BIASI AUDITORES INDEPENDENTES,ATIVO,1999-03-19,SEDE,"R. DR. ORLANDO FEIRABEND FILHO, 230","ANEXO B - 7º ANDAR, SLS. 702/4//6/7/8/10/12/14",PARQUE RES AQUARIUS,SÃO JOSÉ DOS CAMPOS,SP,12246190
9660,78.681.202/0001-33,DE CONTO AUDITORES,ATIVO,2003-03-11,SEDE,"RUA RECIFE, 517","1º ANDAR, SALA 02",CENTRO,CASCAVEL,PR,85810030
5770,93.246.528/0001-26,DEGAR AUDITORES ASSOCIADOS S/S,ATIVO,1993-01-04,SEDE,"RUA DR ARNALDO DA SILVA FERREI, 0",ANEXO IA,IPANEMA,PORTO ALEGRE,RS,91760240
8435,73.676.892/0001-19,DEGE AUD ASSOCIADOS S/S,ATIVO,2000-03-14,SEDE,"RUA TEREZINA, 380",SL 1003,ALTO DA GLORIA,GOIÂNIA,GO,74815715
3859,49.928.567/0001-11,DELOITTE TOUCHE TOHMATSU AUDITORES INDEPENDENTES LTDA.,ATIVO,1978-11-01,SEDE,"AV DR CHUCRI ZAIDAN, 1240","12º AND - ED MORUMBI GOLDEN TOWER (TORRE A), UNID 1203",VILA SÃO FRANCISCO,SÃO PAULO,SP,4711130
3859,49.928.567/0001-11,DELOITTE TOUCHE TOHMATSU AUDITORES INDEPENDENTES LTDA.,ATIVO,1978-11-01,FILIAL SP,"AV. JOHN DALTON, 301","COND TECHNO PLAZA CORPORATE - ED. 4 - BL. A - TÉRREO, CJS. 11A E 16A",TECHNO PARK CAMPINAS,CAMPINAS,SP,13069330
3859,49.928.567/0001-11,DELOITTE TOUCHE TOHMATSU AUDITORES INDEPENDENTES LTDA.,ATIVO,1978-11-01,FILIAL RJ,"RUA SÃO BENTO, 18","ED ATILA CARVALHARES PINHEIRO, 15º ANDAR",CENTRO,RIO DE JANEIRO,RJ,20090010
3859,49.928.567/0001-11,DELOITTE TOUCHE TOHMATSU AUDITORES INDEPENDENTES LTDA.,ATIVO,1978-11-01,FILIAL DF,"SETOR COMERCIAL SUL, 0","Q. 09 / BL. A / ANDAR 11 / ED PARQUE CIDADE CORPORATE, SL 1104",ASA SUL,BRASÍLIA,DF,70308200
3859,49.928.567/0001-11,DELOITTE TOUCHE TOHMATSU AUDITORES INDEPENDENTES LTDA.,ATIVO,1978-11-01,FILIAL MG,"RUA ANTÔNIO DE ALBUQUERQUE, 330","ED. CANOPUS CORPORATE, SLS. 1201 / 1202",SAVASSI,BELO HORIZONTE,MG,30112010
3859,49.928.567/0001-11,DELOITTE TOUCHE TOHMATSU AUDITORES INDEPENDENTES LTDA.,ATIVO,1978-11-01,FILIAL RS,"AV. CARLOS GOMES, 222",CJ. 201,,PORTO ALEGRE,RS,90480000
3859,49.928.567/0001-11,DELOITTE TOUCHE TOHMATSU AUDITORES INDEPENDENTES LTDA.,ATIVO,1978-11-01,FILIAL SC,"RUA ORESTES GUIMARÃES, 538",SLS. 602 / 3 / 4,CENTRO,JOINVILLE,SC,89204060
3859,49.928.567/0001-11,DELOITTE TOUCHE TOHMATSU AUDITORES INDEPENDENTES LTDA.,ATIVO,1978-11-01,FILIAL PR,"RUA NUNES MACHADO, 68","18º ANDAR - COND THE FIVE EAST, SLS 1801 / 2",BATEL,CURITIBA,PR,80250000
3859,49.928.567/0001-11,DELOITTE TOUCHE TOHMATSU AUDITORES INDEPENDENTES LTDA.,ATIVO,1978-11-01,FILIAL BA,"AV. TANCREDO NEVES, 620","ED. MUNDO PLAZA, SL. 3001",,SALVADOR,BA,41820020
3859,49.928.567/0001-11,DELOITTE TOUCHE TOHMATSU AUDITORES INDEPENDENTES LTDA.,ATIVO,1978-11-01,FILIAL PE,"AV. REPÚBLICA DO LÍBANO, 251","SL. 2801 - 28º ANDAR - ED. RIO MAR TRADE CENTER, TORRE B",PINA,RECIFE,PE,51110160
3859,49.928.567/0001-11,DELOITTE TOUCHE TOHMATSU AUDITORES INDEPENDENTES LTDA.,ATIVO,1978-11-01,FILIAL CE,"Avenida Dom Luís, 807",20º e 21º andares - sala 2110,Meireles,FORTALEZA,CE,60160230
3859,49.928.567/0001-11,DELOITTE TOUCHE TOHMATSU AUDITORES INDEPENDENTES LTDA.,ATIVO,1978-11-01,FILIAL CAMPINAS,"AV. DR. JOSÉ BONIFÁCIO COUTINHO NOGUEIRA, 150","CONDOMÍNIO GALLERIA PLAZA, TÉRREO",JD. MADALENA,CAMPINAS,SP,13091611
3859,49.928.567/0001-11,DELOITTE TOUCHE TOHMATSU AUDITORES INDEPENDENTES LTDA.,ATIVO,1978-11-01,FILIAL RIBEIRÃO PRETO,"AV. PRES. VARGAS, 2121","12º ANDAR, SL. 1207",JD. AMÉRICA,RIBEIRÃO PRETO,SP,14020260
3859,49.928.567/0001-11,DELOITTE TOUCHE TOHMATSU AUDITORES INDEPENDENTES LTDA.,ATIVO,1978-11-01,FILIAL CURITIBA,"RUA PASTEUR, 463",5º ANDAR,BATEL,CURITIBA,PR,80250080
3859,49.928.567/0001-11,DELOITTE TOUCHE TOHMATSU AUDITORES INDEPENDENTES LTDA.,ATIVO,1978-11-01,FILIAL FLORIANÓPOLIS,"AV. TROMPOWSKY, 345",SLS. 501 E 502,CENTRO,FLORIANÓPOLIS,SC,88015300
3859,49.928.567/0001-11,DELOITTE TOUCHE TOHMATSU AUDITORES INDEPENDENTES LTDA.,ATIVO,1978-11-01,FILIAL CUIABÁ,"AV. JOSÉ MONTEIRO DE FIGUEIREDO, 500 - GOIABEIRAS SHOPPING CENTER",BLOCO 1 - SL. 224,DUQUE DE CAXIAS,CUIABÁ,MT,78043900
3859,49.928.567/0001-11,DELOITTE TOUCHE TOHMATSU AUDITORES INDEPENDENTES LTDA.,ATIVO,1978-11-01,FILIAL UBERLANDIA - MG,"AV. DOS VINHEDOS, 71","ED. TORRE EMPRESARIAL SUL, 7º AND / SL. 703",TABAJARAS,UBERLÂNDIA,MG,38400242
7234,93.753.580/0001-79,DICKEL & MAFFI AUDITORIA E CONSULTORIA S/S,ATIVO,1998-09-21,SEDE,"R DR  MÁRIO TOTTA, 714",SALA 301,TRISTEZA,PORTO ALEGRE,RS,91920130
2771,11.501.707/0001-06,DIRECTIVOS AUDITORES INDEPENDENTES,ATIVO,1979-10-25,SEDE,"R SERINHAEM, 105",5º ANDAR,BOA VIAGEM,RECIFE,PE,51021200
5070,35.811.702/0001-30,DNS AUDITORIA E CONSULTORIA,ATIVO,1991-02-18,SEDE,"RUA URUGUAIANA, 10",SALA 2006,CENTRO,RIO DE JANEIRO,RJ,20050090
12823,21.982.029/0001-96,DO AGRO AUDITORES INDEPENDENTES S/S,ATIVO,2018-08-13,SEDE,"AV MILTON JOSE ROBUSTI, 75",SALA 210 A,JARDIM BOTANICO,RIBEIRÃO PRETO,SP,14021613
10758,04.949.981/0001-79,"DOMINUS AUDITORIA, CONSULTORIA E TREINAMENTO S/S - EPP",ATIVO,2007-08-01,SEDE,"RUA CARLOS VASCONCELOS, 1401",,ALDEOTA,FORTALEZA,CE,60115171
13528,49.035.030/0001-22,DOROS AUDITORIA,ATIVO,2025-06-27,SEDE,"RUA HEITOR MAZZINI, 863",SALA 01,GLORIA,GARIBALDI,RS,95720000
9954,05.858.335/0001-69,DRS AUDITORES,ATIVO,2004-02-27,SEDE,"RUA FELICÍSSIMO DE AZEVEDO, 53",CJ 502,HIGIENOPOLIS,PORTO ALEGRE,RS,90540110
6920,00.782.585/0001-49,EAC AUDITORES INDEPENDENTES,ATIVO,1997-08-25,SEDE,"R PEDRO DE TOLEDO, 80",CONJ. 101,VILA CLEMENTINO,SÃO PAULO,SP,4039000
13102,40.221.974/0001-10,ECOVIS WFA AUDITORES INDEPENDENTES S/S,ATIVO,2021-06-29,SEDE,"AVENIDA DAS NAÇÕES UNIDAS, 14401",CONJ 1203 - TORRE C2,VILA GERTRUDES,SÃO PAULO,SP,4794000
12335,21.811.185/0001-94,EMERSON AUDITORES E CONSULTORES S/S - AUDITORES INDEPENDENTES,ATIVO,2015-04-30,SEDE,"AV. AFONSO PENA, 1206",,TIROL,NATAL,RN,59020265
12505,14.197.530/0001-86,EQUITY AUDITORES INDEPENDENTES,ATIVO,2016-04-01,SEDE,"R. IRENE RAMOS GOMES DE MATTOS, 97",,PINA,RECIFE,PE,51011530
4715,61.366.936/0001-25,ERNST & YOUNG AUDITORES INDEPENDENTES S/S LTDA.,ATIVO,1989-11-24,SEDE,"AV. PRES. JUSCELINO KUBITSCHEK, 1909","SÃO PAULO CORPORATE TOWERS, TORRE NORTE - 8º AND -CONJ 81",VILA NOVA CONCEIÇÃO,SÃO PAULO,SP,4543907
4715,61.366.936/0001-25,ERNST & YOUNG AUDITORES INDEPENDENTES S/S LTDA.,ATIVO,1989-11-24,FILIAL DF,"SH/SUL, 0","Q. 06 - CJ. A, SL. 105 (PARTE)",ASA SUL,BRASÍLIA,DF,70316000
4715,61.366.936/0001-25,ERNST & YOUNG AUDITORES INDEPENDENTES S/S LTDA.,ATIVO,1989-11-24,FILIAL MG,"AVENIDA DO CONTORNO, 5800","ED. STATEMENT, 16º AND (PARTE) / 17º AND (PARTE)",SAVASSI,BELO HORIZONTE,MG,30110042
4715,61.366.936/0001-25,ERNST & YOUNG AUDITORES INDEPENDENTES S/S LTDA.,ATIVO,1989-11-24,FILIAL RS,"AV. NILO PEÇANHA, 2900","9º ANDAR, SLS. 903 / 4",CHÁCARA DAS PEDRAS,PORTO ALEGRE,RS,91330001
4715,61.366.936/0001-25,ERNST & YOUNG AUDITORES INDEPENDENTES S/S LTDA.,ATIVO,1989-11-24,FILIAL SC,"RUA SETE DE SETEMBRO, 1600",SLS. 1302 E 1303 (PARTE),CENTRO,BLUMENAU,SC,89010204
4715,61.366.936/0001-25,ERNST & YOUNG AUDITORES INDEPENDENTES S/S LTDA.,ATIVO,1989-11-24,FILIAL PR,"RUA EMILIANO PERNETA, 480",14º / CJ. 1401,CENTRO,CURITIBA,PR,80420080
4715,61.366.936/0001-25,ERNST & YOUNG AUDITORES INDEPENDENTES S/S LTDA.,ATIVO,1989-11-24,FILIAL BA,"Avenida Tancredo Neves, 620","34º andar, salas 3404 e 3405, Edifício Mundo Plaza",Caminho das Árvores,SALVADOR,BA,41820020
4715,61.366.936/0001-25,ERNST & YOUNG AUDITORES INDEPENDENTES S/S LTDA.,ATIVO,1989-11-24,FILIAL PE,"RUA PADRE CARAPUCEIRO, 858",SL 802/CÍCERO DIAS,BOA VIAGEM,RECIFE,PE,51020280
4715,61.366.936/0001-25,ERNST & YOUNG AUDITORES INDEPENDENTES S/S LTDA.,ATIVO,1989-11-24,FILIAL CAMPINAS,"AV. JOSÉ DE SOUZA CAMPOS, 894","900, 1º ANDAR (PARTE)",NOVA CAMPINAS,CAMPINAS,SP,13092123
4715,61.366.936/0001-25,ERNST & YOUNG AUDITORES INDEPENDENTES S/S LTDA.,ATIVO,1989-11-24,FILIAL RIBEIRÃO PRETO,"AV. LUIZ EDUARDO DE TOLEDO PRADO, 870","TORRE 2 - IGUATEMI EMPRESARIAL, MEZANINO (M1) PART",VILA DO GOLFE,RIBEIRÃO PRETO,SP,14027250
4715,61.366.936/0001-25,ERNST & YOUNG AUDITORES INDEPENDENTES S/S LTDA.,ATIVO,1989-11-24,FILIAL GOIANIA,"RUA T 55, 930","QUADRA 99, LOTE 11, SLS. 1113/14/15",SETOR BUENO,GOIÂNIA,GO,74215170
4715,61.366.936/0001-25,ERNST & YOUNG AUDITORES INDEPENDENTES S/S LTDA.,ATIVO,1989-11-24,FILIAL FORTALEZA,"AV. WASHINGTON SOARES, 55",SLS 508 / 9 (PARTE,EDSON QUEIROZ,FORTALEZA,CE,60811341
4715,61.366.936/0001-25,ERNST & YOUNG AUDITORES INDEPENDENTES S/S LTDA.,ATIVO,1989-11-24,FILIAL RIO DE JANEIRO,"PRAIA DE BOTAFOGO, 370",8º ANDAR,BOTAFOGO,RIO DE JANEIRO,RJ,22250040
2119,47.207.295/0001-35,ETAE AUDITORES INDEPENDENTES,ATIVO,1985-02-08,SEDE,"AV. OTTO NIEMEYER, 1031",,TRISTEZA,PORTO ALEGRE,RS,91910001
13161,11.100.267/0001-77,EVIDÊNCIA - AUDITORES INDEPENDENTES LTDA,ATIVO,2022-03-09,SEDE,"RUA RIO BRANCO, 273","74 - B, ED TORRE DE LINS",CENTRO,LINS,SP,16400910
12602,13.026.685/0001-97,EVOLUÇÃO AUDITORES INDEPENDENTES S/S ILIMITADA,ATIVO,2016-09-08,SEDE,"AV. DOUTOR HEITOR PENTEADO, 1611",,PARQUE TAQUARAL,CAMPINAS,SP,13087000
13536,16.656.032/0001-80,EVOLUCAO CONTABILIDADE SOCIEDADE SIMPLES,ATIVO,2025-08-11,SEDE,"Trecho SIA Trecho 3, 1530",- de 1530 ao fim - lado par,Zona Industrial (Guará),BRASÍLIA,DF,71200033
12130,18.220.569/0001-28,EXPERTISA AUDITORES INDEPENDENTES,ATIVO,2014-05-19,SEDE,"AV. PRESIDENTE WILSON, 165",sala 503,CENTRO,RIO DE JANEIRO,RJ,20030020
8893,69.105.187/0001-94,FABBRI & CIA S/S AUDITORES INDEPENDENTES,ATIVO,2001-01-29,SEDE,"AV. PAULISTA, 1471",12º AND. - CJ.1203,BELA VISTA,SÃO PAULO,SP,1311200
12572,10.724.760/0001-03,FACTUAL AUDITORES INDEPENDENTES S/S,ATIVO,2016-06-17,SEDE,"RUA JOSÉ BIANCHI, 555","22º ANDAR, SALA 2214",NOVA RIBEIRANIA,RIBEIRÃO PRETO,SP,14096730
11711,12.354.051/0001-09,FAMA AUDITORES INDEPENDENTES,ATIVO,2012-02-02,SEDE,"R. CAPITÃO JOÃO GOMIDE, 147",,VILA AURORA,SÃO JOSÉ DO RIO PRETO,SP,15014320
12815,27.456.746/0001-60,FERNANDO MOTTA AUDITORES,ATIVO,2018-06-21,SEDE,"RUA BERNARDO FIGUEIREDO, 33",11º ANDAR,SERRA,BELO HORIZONTE,MG,30220140
12238,20.824.537/0001-83,FINAUD AUDITORES INDEPENDENTES SOCIEDADE SIMPLES,ATIVO,2014-11-06,SEDE,"RUA CAMARGO, 19",CONJUNTO 12,BUTANTÃ,SÃO PAULO,SP,5510050
8273,01.082.728/0001-72,FLORESTA AUDITORES INDEPENDENTES SS,ATIVO,1999-11-25,SEDE,"RUA T-30, 1092",,SETOR BUENO,GOIÂNIA,GO,74210060
10723,07.326.840/0001-98,FORVIS MAZARS AUDITORES INDEPENDENTES - SOCIEDADE SIMPLES LTDA.,ATIVO,2007-05-11,SEDE,"AV. TRINDADE, 254",SALA 1314/1315,BETHAVILLE I,BARUERI,SP,6404326
10723,07.326.840/0001-98,FORVIS MAZARS AUDITORES INDEPENDENTES - SOCIEDADE SIMPLES LTDA.,ATIVO,2007-05-11,FILIAL SP,"AV FRANCISCO MATARAZZO, 1350","19º ANDAR - CJ. A1093 - BL. A, COND ED CGD 1350",ÁGUA BRANCA,SÃO PAULO,SP,5001100
10723,07.326.840/0001-98,FORVIS MAZARS AUDITORES INDEPENDENTES - SOCIEDADE SIMPLES LTDA.,ATIVO,2007-05-11,FILIAL SC,"RUA SÃO PAULO, 910","ED. SMART TOWER, 6º ANDAR - SL. 616",BUCAREIN,JOINVILLE,SC,89202257
10723,07.326.840/0001-98,FORVIS MAZARS AUDITORES INDEPENDENTES - SOCIEDADE SIMPLES LTDA.,ATIVO,2007-05-11,FILIAL CAMPINAS,"Avenida Coronel Silva Teles, 1002",Sala 54,Cambuí,CAMPINAS,SP,13024001
10723,07.326.840/0001-98,FORVIS MAZARS AUDITORES INDEPENDENTES - SOCIEDADE SIMPLES LTDA.,ATIVO,2007-05-11,FILIAL CURITIBA,"RUA MARECHAL DEODORO, 497 - 2º ANDAR",SALAS 21 E 23 A 27,CENTRO,CURITIBA,PR,80020909
10723,07.326.840/0001-98,FORVIS MAZARS AUDITORES INDEPENDENTES - SOCIEDADE SIMPLES LTDA.,ATIVO,2007-05-11,FILIAL FORTALEZA,"AV. DESEMBARGADOR MOREIRA, 1300",SLS. 1711 E 1712,ALDEOTA,FORTALEZA,CE,60170002
10723,07.326.840/0001-98,FORVIS MAZARS AUDITORES INDEPENDENTES - SOCIEDADE SIMPLES LTDA.,ATIVO,2007-05-11,FILIAL RIO DE JANEIRO,"Avenida Almirante Barroso, 81",22º andar - Ed.Torre Almirante,Centro,RIO DE JANEIRO,RJ,20031004
9628,02.248.213/0001-62,FSA NETWORK AUDITORES E CONSULTORES,ATIVO,2003-02-10,SEDE,"LGO SÃO FRANCISCO DE PAULA, 42",5º ANDAR,CENTRO,RIO DE JANEIRO,RJ,20051070
4405,47.204.755/0001-71,GALLORO & ASSOCIADOS - AUDITORES INDEPENDENTES S/S,ATIVO,1989-01-23,SEDE,"AV IPIRANGA, 104","2º ANDAR, CJ 21",VILA BUARQUE,SÃO PAULO,SP,1046918
4430,23.530.637/0001-95,GAMA & CIA AUDITORES INDEP SC,ATIVO,1988-12-06,SEDE,"R PEDRO BORGES, 30",CONJ 707,CENTRO,FORTALEZA,CE,60055110
3492,09.756.479/0001-65,GAPLAN AUDITORIA EXTERNA S/S,ATIVO,2003-07-30,SEDE,"AV. ENGº ANTÔNIO DE GÓES, 275","10º, SALA 1002",PINA,RECIFE,PE,51010000
11320,10.448.113/0001-08,GF AUDITORES INDEPENDENTES,ATIVO,2009-09-11,SEDE,"RUA CINCINATO BRAGA, 321",9º ANDAR / SL. 92,BELA VISTA,SÃO PAULO,SP,1333010
10278,07.172.892/0001-57,GLCPETRI AUDITORES INDEPENDENTES,ATIVO,2005-04-20,SEDE,"AVENIDA MARECHAL FLORIANO PEIXOTO, 170",SLS 501/ 2,CENTRO,CURITIBA,PR,80020090
8630,03.423.123/0001-23,GLOBAL AUDITORES INDEPENDENTES LTDA.,ATIVO,2000-07-04,SEDE,SRTV/SUL QUADRA 701,CONJ.E BLOCO III SL 310/312,ASA SUL,BRASÍLIA,DF,70340000
8630,03.423.123/0001-23,GLOBAL AUDITORES INDEPENDENTES LTDA.,ATIVO,2000-07-04,FILIAL RJ,"AV. DAS AMÉRICAS, 18500",SL. 521,RECREIO DOS BANDEIRANTES,RIO DE JANEIRO,RJ,22790704
12831,07.058.550/0001-00,GORIOUX FARO AUDITORES INDEPENDENTES S/S,ATIVO,2018-09-03,SEDE,"AV. BRIG. LUÍS ANTÔNIO, 2050",15º ANDAR,BELA VISTA,SÃO PAULO,SP,1318002
11274,10.830.108/0001-65,GRANT THORNTON AUDITORES INDEPENDENTES LTDA.,ATIVO,2009-08-04,SEDE,"AV. ENG. LUIZ CARLOS BERRINI, 105","CJ. 121, TORRE 4",CIDADE MONÇÕES,SÃO PAULO,SP,4571900
11274,10.830.108/0001-65,GRANT THORNTON AUDITORES INDEPENDENTES LTDA.,ATIVO,2009-08-04,FILIAL RS,"AV. IGUASSU, 418",SL. 1404,PETRÓPOLIS,PORTO ALEGRE,RS,90470430
11274,10.830.108/0001-65,GRANT THORNTON AUDITORES INDEPENDENTES LTDA.,ATIVO,2009-08-04,FILIAL CAMPINAS,"AVENIDA JOSÉ DE SOUZA CAMPOS, 507",5º ANDAR,CAMBUÍ,CAMPINAS,SP,13025320
11274,10.830.108/0001-65,GRANT THORNTON AUDITORES INDEPENDENTES LTDA.,ATIVO,2009-08-04,FILIAL RIBEIRÃO PRETO,"AV. LUIZ EDUARDO TOLEDO PRADO, 870","TORRE EMPRESARIAL IGUATEMI II, 6º ANDAR / SL. 602",VILA DO GOLF,RIBEIRÃO PRETO,SP,14027250
11274,10.830.108/0001-65,GRANT THORNTON AUDITORES INDEPENDENTES LTDA.,ATIVO,2009-08-04,FILIAL CURITIBA,"AV. IGUAÇU, 100",5º ANDAR cjs. 601 e 604,REBOUÇAS,CURITIBA,PR,80230020
11274,10.830.108/0001-65,GRANT THORNTON AUDITORES INDEPENDENTES LTDA.,ATIVO,2009-08-04,FILIAL LONDRINA,"AV. AYRTON SENNA DA SILVA, 300",SL. 311,GLEBA FAZENDA PALHANO,LONDRINA,PR,86050460
11274,10.830.108/0001-65,GRANT THORNTON AUDITORES INDEPENDENTES LTDA.,ATIVO,2009-08-04,FILIAL GOIANIA,"Avenida Deputado Jamel Cecílio, null",2701 TB Quadra B27 Ed Brookfield,Jardim Goiás,GOIÂNIA,GO,74810100
11274,10.830.108/0001-65,GRANT THORNTON AUDITORES INDEPENDENTES LTDA.,ATIVO,2009-08-04,FILIAL RECIFE,"RUA PADRE CARAPUCEIRO, 752","CTR EMP TORRE VICENTE DO REGO MONTEIRO, SL. 601",BOA VIAGEM,RECIFE,PE,51020280
11274,10.830.108/0001-65,GRANT THORNTON AUDITORES INDEPENDENTES LTDA.,ATIVO,2009-08-04,FILIAL VITÓRIA,"RUA LEOCÁDIA PEDRA DOS SANTOS, 115, null",SALA 304,ENSEADA DO SUÁ,VITÓRIA,ES,29050370
11274,10.830.108/0001-65,GRANT THORNTON AUDITORES INDEPENDENTES LTDA.,ATIVO,2009-08-04,FILIAL SÃO PAULO,"RUA GUARARAPES, 1909",CONJ 111 - ED BARONESA DE ST. SÈVE,BROOKLIN PAULISTA,SÃO PAULO,SP,4561004
11274,10.830.108/0001-65,GRANT THORNTON AUDITORES INDEPENDENTES LTDA.,ATIVO,2009-08-04,FILIAL BELO HORIZONTE,"PRAÇA CARLOS CHAGAS, 49",SLS. 404/5/6,STO. AGOSTINHO,BELO HORIZONTE,MG,30170913
11274,10.830.108/0001-65,GRANT THORNTON AUDITORES INDEPENDENTES LTDA.,ATIVO,2009-08-04,FILIAL RIO DE JANEIRO,"PRAIA DO FLAMENGO, 154",ED. INTERNACIONAL RIO FLAMENGO SALA 402,FLAMENGO,RIO DE JANEIRO,RJ,22210906
7862,01.144.394/0001-14,GRUNITZKY AUDITORES INDEPENDENTES S/S,ATIVO,1999-07-12,SEDE,"RUA COMENDADOR ARAÚJO, 499",CJ 1004,CENTRO,CURITIBA,PR,80420000
7862,01.144.394/0001-14,GRUNITZKY AUDITORES INDEPENDENTES S/S,ATIVO,1999-07-12,FILIAL SP,"Avenida Brigadeiro Faria Lima, 3144",Escritorio 32,Jardim Paulistano,SÃO PAULO,SP,1451000
7862,01.144.394/0001-14,GRUNITZKY AUDITORES INDEPENDENTES S/S,ATIVO,1999-07-12,FILIAL MG,"Avenida do Contorno, 6594",Sala 701,Lourdes,BELO HORIZONTE,MG,30110044
11037,52.386.935/0001-51,GRUPO AUDI AUDITORES INDEPENDENTES,ATIVO,2008-10-21,SEDE,"RUA HORTÊNCIO MENDONÇA RIBEIRO, 595",,JARDIM LIMA,FRANCA,SP,14403099
12165,18.570.727/0001-70,GSA AUDITORIA INDEPENDENTE S/S,ATIVO,2014-07-01,SEDE,"RUA D, 0","QUADRA 62, LOTE 19",CONJUNTO LIBERDADE,APARECIDA DE GOIÂNIA,GO,74911375
5312,35.467.968/0001-07,GUIMARÃES & ASSOCIADOS AUDITORES INDEPENDENTES S/S,SUSPENSO(A) - DECISÃO ADM,2024-12-06,SEDE,"R RIBEIRO DE BRITO, 901",CJ 304,BOA VIAGEM,RECIFE,PE,51021310
11967,17.901.295/0001-70,GUIMARÃES E GONÇALVES AUDITORIA E CONSULTORIA EMPRESARIAL SS,ATIVO,2013-05-07,SEDE,"RUA SILVEIRA PEIXOTO, 1040",SALA 1506,ÁGUA VERDE,CURITIBA,PR,80240120
11827,14.989.448/0001-94,GWM AUDITORES INDEPENDENTES,ATIVO,2012-07-02,SEDE,"AV. RIO BRANCO, 173",GRUPO 1101,CENTRO,RIO DE JANEIRO,RJ,20040007
12491,23.894.193/0001-77,HOLDER AUDITORES INDEPENDENTES S/S - EPP,ATIVO,2016-03-21,SEDE,"RUA OSAKA, 599",SALA 3,JARDIM JAPÃO,SÃO PAULO,SP,2124040
11258,10.693.082/0001-50,HUMAITÁ AUDITORES INDEPENDENTES LTDA,ATIVO,2009-07-14,SEDE,"ESTR. DE JACAREPAGUÁ, 7187",GRUPO 501 A 504,FREGUESIA,RIO DE JANEIRO,RJ,22755155
12440,97.424.758/0001-99,IAUD AUDITORES INDEPENDENTES S/S,ATIVO,2015-11-06,SEDE,"AVENIDA PAULISTA, 2001",CONJUNTO 1919,CERQUEIRA CÉSAR,SÃO PAULO,SP,1311300
10456,07.187.085/0001-08,IDEA AUDITORES INDEPENDENTES S/S,ATIVO,2006-01-30,SEDE,"ALAMEDA RICARDO PARANHOS, 799","QD. 243 A - ED. PROSPERE OFFICE HARMONY, SALA 216",SETOR MARISTA,GOIÂNIA,GO,74180050
9318,04.899.444/0001-61,IGF AUDITORES E CONSULTORES INDEPENDENTES SOCIEDADE SIMPLES,ATIVO,2002-05-20,SEDE,"TRAV. FRANCISCO GONÇALVES, 1",S/806  ED M CALMON,COMÉRCIO,SALVADOR,BA,40015090
12998,09.496.375/0001-69,INFORCONT AUDITORES INDEPENDENTES,ATIVO,2019-10-30,SEDE,"RUA MAYRINK VEIGA, 4",SALA 1501,CENTRO,RIO DE JANEIRO,RJ,20090050
12467,23.602.580/0001-92,INOVEAUD AUDITORES INDEPENDENTES,ATIVO,2015-12-11,SEDE,"AV. PRES.VARGAS, 2121 - EDIFÍCIO TIMES SQUARE",SALA1001,JARDIM SANTA ÂNGELA,RIBEIRÃO PRETO,SP,14020525
10197,02.878.522/0001-16,IRKO HIRASHIMA AUDITORES INDEPENDENTES LTDA.,ATIVO,2004-12-22,SEDE,"Rua Dom José de Barros, 177, 177","3º andar, conj. 301",Centro,SÃO PAULO,SP,1038901
10197,02.878.522/0001-16,IRKO HIRASHIMA AUDITORES INDEPENDENTES LTDA.,ATIVO,2004-12-22,FILIAL RIO DE JANEIRO,"AV. RIO BRANCO, 125","20º ANDAR, SL. 2001 (PARTE)",CENTRO,RIO DE JANEIRO,RJ,20040006
3883,54.933.015/0001-31,IRMÃOS CAMPOS & CERBONCINI AUDITORES ASSOCIADOS,ATIVO,1986-08-20,SEDE,"RUA PAES LEME, 136","5º ANDAR, CJ. 506 - SL. 02",PINHEIROS,SÃO PAULO,SP,5424010
13374,03.016.823/0001-01,J. G. OMETTO AUDITORES ASSOCIADOS,ATIVO,2023-06-06,SEDE,"RUA JOSÉ PINTO DE ALMEIDA, 149",,CIDADE ALTA,PIRACICABA,SP,13419000
6890,59.587.063/0001-39,JDM AUDITORES INDEPENDENTES SOCIEDADE SIMPLES,ATIVO,1997-08-05,SEDE,"AV FRANCISCO MATARAZZO, 1752",14 ANDAR,ÁGUA BRANCA,SÃO PAULO,SP,5001200
12718,10.449.384/0001-88,JFG AUDITORES E CONSULTORES S/S - ME,ATIVO,2017-08-14,SEDE,"RUA MINISTRO NELSON HUNGRIA, 180",SL. 108,BOA VIAGEM,RECIFE,PE,51020100
7730,00.655.530/0001-78,JL MACHADO CONSULTORES E AUDITORES S/S,ATIVO,1999-05-07,SEDE,"SRT/SUL, 70","Q 701, CJ E, BL 2 E 4, SLS. 431/36",ASA SUL,BRASÍLIA,DF,70340902
10260,06.068.916/0001-60,JPPS AUDITORES INDEPENDENTES S/S LTDA.,ATIVO,2005-04-01,SEDE,"AV PAULISTA, 1471","CJ 511, 5 ANDAR",BELA VISTA,SÃO PAULO,SP,1311927
6556,01.218.260/0001-09,JSW AUDITORES INDEPENDENTES S/S,ATIVO,2024-03-07,SEDE,"RUA BARÃO DE ITAPETININGA, 140",15º AND / CJ 151,CENTRO,SÃO PAULO,SP,1042000
4189,57.755.217/0001-29,KPMG AUDITORES INDEPENDENTES LTDA.,ATIVO,1987-07-20,SEDE,"RUA VERBO DIVINO, 1400",CONJUNTO TÉRREO AO 801 (PARTE),CHÁCARA SANTO ANTÔNIO,SÃO PAULO,SP,4719911
4189,57.755.217/0001-29,KPMG AUDITORES INDEPENDENTES LTDA.,ATIVO,1987-07-20,FILIAL,"AV. CARLOS GOMES, 258","5º ANDAR, SLS. 601 A 606",BOA VISTA,PORTO ALEGRE,RS,90480000
4189,57.755.217/0001-29,KPMG AUDITORES INDEPENDENTES LTDA.,ATIVO,1987-07-20,FILIAL RJ,"RUA DO PASSEIO, 38","SETOR 2, SLS. 1701/2/3/4",CENTRO,RIO DE JANEIRO,RJ,20021290
4189,57.755.217/0001-29,KPMG AUDITORES INDEPENDENTES LTDA.,ATIVO,1987-07-20,FILIAL DF,"SAI/SO, 0","BL 6580 - BLOCO 02 - 3º ANDAR - SALA 302, TORRE NORTE",ZONA IND. (GUARÁ),BRASÍLIA,DF,71219900
4189,57.755.217/0001-29,KPMG AUDITORES INDEPENDENTES LTDA.,ATIVO,1987-07-20,FILIAL MG,"RUA PARAÍBA, 550",SL 1200 - PARTE,SAVASSI,BELO HORIZONTE,MG,30130141
4189,57.755.217/0001-29,KPMG AUDITORES INDEPENDENTES LTDA.,ATIVO,1987-07-20,FILIAL RS,"AV. CARLOS GOMES, 258","5º ANDAR, SLS. 601 A 606",BOA VISTA,PORTO ALEGRE,RS,90480000
4189,57.755.217/0001-29,KPMG AUDITORES INDEPENDENTES LTDA.,ATIVO,1987-07-20,FILIAL SC,"Rua Xavantes, 54",1º andar - Estudio 5 - Cau.Working I - parte,Atiradores,JOINVILLE,SC,89203210
4189,57.755.217/0001-29,KPMG AUDITORES INDEPENDENTES LTDA.,ATIVO,1987-07-20,FILIAL PR,"RUA DOUTOR PEDROSA, 151","TORRE A - 10º ANDAR, ESCRITÓRIO 1001",CENTRO,CURITIBA,PR,80420120
4189,57.755.217/0001-29,KPMG AUDITORES INDEPENDENTES LTDA.,ATIVO,1987-07-20,FILIAL BA,"AV. TANCREDO NEVES, 2539","SLS 2308 (PARTE) / 2309 (PARTE) / 2310 (PARTE) / 2311 (PARTE) / 2312 (PAR, COND CEO / LONDRES",CAMINHO DAS ÁRVORES,SALVADOR,BA,41820021
4189,57.755.217/0001-29,KPMG AUDITORES INDEPENDENTES LTDA.,ATIVO,1987-07-20,FILIAL AM,"AV. DJALMA BATISTA, 1661",BL B / TOWER - SLS 803/4/5/6 E 807 (PARTE),CHAPADA,MANAUS,AM,69050970
4189,57.755.217/0001-29,KPMG AUDITORES INDEPENDENTES LTDA.,ATIVO,1987-07-20,FILIAL CAMPINAS,"AV. CORONEL SILVA TELES, 977",CJS. 111 / 112,CAMBUÍ,CAMPINAS,SP,13024001
4189,57.755.217/0001-29,KPMG AUDITORES INDEPENDENTES LTDA.,ATIVO,1987-07-20,FILIAL RIBEIRÃO PRETO,"AV. PRES. VARGAS, 2121",1401-5 / 1409(PART,JD. STA. ANGELA,RIBEIRÃO PRETO,SP,14020260
4189,57.755.217/0001-29,KPMG AUDITORES INDEPENDENTES LTDA.,ATIVO,1987-07-20,FILIAL LONDRINA,"AV. AYRTON SENNA DA SILVA, 1055","2º ANDAR - SLS. 201 E 202, PALHANO SQUARE GARDEN - CD. EMPRESARIAL",GLEBA FAZENDA PALHANO,LONDRINA,PR,86050460
4189,57.755.217/0001-29,KPMG AUDITORES INDEPENDENTES LTDA.,ATIVO,1987-07-20,FILIAL GOIANIA,"Avenida Deputado Jamel Cecílio, 3300, null","T-430, sl. G45, Deck Sul",Jardim Goiás,GOIÂNIA,GO,74810907
4189,57.755.217/0001-29,KPMG AUDITORES INDEPENDENTES LTDA.,ATIVO,1987-07-20,FILIAL FORTALEZA,"AV. DES. MOREIRA, 1300","TORRE SUL - 10º ANDAR, SL. SC 1001",ALDEOTA,FORTALEZA,CE,60170002
4189,57.755.217/0001-29,KPMG AUDITORES INDEPENDENTES LTDA.,ATIVO,1987-07-20,FILIAL CUIABÁ,"AV. HIST. RUBENS DE MENDONÇA, 1894",SLS 204 / 5,JD. ACLIMAÇÃO,CUIABÁ,MT,78050000
4189,57.755.217/0001-29,KPMG AUDITORES INDEPENDENTES LTDA.,ATIVO,1987-07-20,FILIAL SÃO PAULO-VILA MARIANA,"AV. DOUTOR CHUCRI ZAIDAN, 0","TORRE A - 12º ANDAR, CJ. 121 (PARTE)",VILA SÃO FRANCISCO,SÃO PAULO,SP,4711130
4189,57.755.217/0001-29,KPMG AUDITORES INDEPENDENTES LTDA.,ATIVO,1987-07-20,FILIAL RECIFE,"AV. ENG. DOMINGOS FERREIRA, 2589",SL. 104,BOA VIAGEM,RECIFE,PE,51020031
4189,57.755.217/0001-29,KPMG AUDITORES INDEPENDENTES LTDA.,ATIVO,1987-07-20,FILIAL SÃO JOSÉ DOS CAMPOS,"AV. SÃO JOÃO, 2405","12º ANDAR, SLS. 1101 / 1102",JD DAS COLINAS,SÃO JOSÉ DOS CAMPOS,SP,12242000
4189,57.755.217/0001-29,KPMG AUDITORES INDEPENDENTES LTDA.,ATIVO,1987-07-20,FILIAL UBERLANDIA - MG,"Avenida João Naves de Ávila, 1331","6º andar, Sala 613 - Parte A-603 - Center Office",Tibery,UBERLÂNDIA,MG,38405140
12653,22.996.084/0001-06,KRESTON KBW AUDITORES INDEPENDENTES S/S,ATIVO,2016-12-09,SEDE,"Avenida Brigadeiro Faria Lima, 1811",sala 1119,Jardim Paulistano,SÃO PAULO,SP,1452001
10251,07.022.386/0001-81,KRESTON PARTNERSHIP AUDITORES INDEPENDENTES S/S,ATIVO,2005-03-07,SEDE,"RUA TAMARATACA, 212",,MOOCA,SÃO PAULO,SP,3119010
7005,01.406.419/0001-00,KSR AUDITORES INDEPENDENTES,ATIVO,1997-10-09,SEDE,"ELESBÃO PINTO, 460","ED MONT BLANC OFFICE - 4º ANDAR, SALA 402",VELHA,BLUMENAU,SC,89036260
13293,32.805.055/0001-65,L&O AUDITORES INDEPENDENTES S/S LTDA,ATIVO,2023-01-17,SEDE,"AV MONTEIRO DA FRANCA, 1092",SALA 006,MANAIRA,JOÃO PESSOA,PB,58038320
10774,07.715.528/0001-96,LAM AUDITORES INDEPENDENTES,ATIVO,2007-09-14,SEDE,"R. FREI ANTONIO DE PADUA, 1231",,JARDIM GUANABARA,CAMPINAS,SP,13073330
10790,09.094.918/0001-11,LAUERMANN SCHNEIDER AUDITORES ASSOCIADOS,ATIVO,2007-10-11,SEDE,"Rua Onze de Junho, 350",,Vila Rosa,NOVO HAMBURGO,RS,93315052
11797,15.305.400/0001-82,LCC AUDITORES INDEPENDENTES,ATIVO,2012-04-25,SEDE,"Avenida Álvaro Ramos, 183",171 C,Belenzinho,SÃO PAULO,SP,3058060
7196,02.385.694/0001-58,LEDGER - AUDITORES INDEPENDENTES,SUSPENSO(A) - DECISÃO ADM,2019-02-22,SEDE,"RUA NELSON TARQUÍNIO, 150",SL 208/209/210/212,RECREIO DOS BANDEIRANTES,RIO DE JANEIRO,RJ,22790385
11410,07.851.372/0001-70,LG SANTOS AUDITORES & ASSOCIADOS S/S,ATIVO,2010-05-24,SEDE,"RUA VISCONDE DO HERVAL, 1192",,MENINO DEUS,PORTO ALEGRE,RS,90130150
9148,02.122.443/0001-80,LINEAR AUDITORES INDEPENDENTES S/S,ATIVO,2001-10-02,SEDE,"Rua Marechal Deodoro da Fonseca - E, 299","salas 901 e 902, Edifício Venturi Multiempresarial",Centro,CHAPECÓ,SC,89802140
12416,21.712.373/0001-65,LINK AUDITORES E CONSULTORES,ATIVO,2015-09-16,SEDE,"Rua Euclides Bandeira, 1989",,Centro Cívico,CURITIBA,PR,80530020
6416,00.782.587/0001-38,LM AUDITORES ASSOCIADOS LTDA.,ATIVO,1995-11-07,SEDE,"R.PEDRO DE TOLEDO, 80",10 ANDAR,VILA CLEMENTINO,SÃO PAULO,SP,4039000
13064,35.840.241/0001-23,LMV AUDITORES E CONSULTORES S/S,ATIVO,2020-11-12,SEDE,"Rua Santa Luzia, 651",25º Andar - Coworking Town,Centro,RIO DE JANEIRO,RJ,20030041
12319,93.317.394/0001-97,LOPES & ASSOCIADOS AUDITORES,ATIVO,2015-03-13,SEDE,"AV. PRAIA DE BELAS, 1212",CONJ. 1621,PRAIA DE BELAS,PORTO ALEGRE,RS,90110000
2968,33.179.672/0001-65,LOUDON BLOMQUIST AUDITORES INDEPENDENTES,ATIVO,1978-11-01,SEDE,"AV. CORONEL XAVIER DE TOLEDO, 264",9º ANDAR - CJ. 91,REPÚBLICA,SÃO PAULO,SP,1048000
2968,33.179.672/0001-65,LOUDON BLOMQUIST AUDITORES INDEPENDENTES,ATIVO,1978-11-01,FILIAL RIO DE JANEIRO,"AV PRESIDENTE VARGAS, 509",3º ANDAR,CENTRO,RIO DE JANEIRO,RJ,20071003
7030,01.412.412/0001-00,LS AUDITORES INDEPENDENTES S/S EPP,ATIVO,1998-01-08,SEDE,"ÁGUAS CLARAS, 0","QUADRA 204 LOTE 02 SALA 253 , ED. ALFAMIX",ÁGUAS CLARAS,BRASÍLIA,DF,71939540
7030,01.412.412/0001-00,LS AUDITORES INDEPENDENTES S/S EPP,ATIVO,1998-01-08,FILIAL DF,"SIA SUL, 0","QUADRA 05 C - LOTE 14 - SALA 208, ED ARISTUS CENTER",,BRASÍLIA,DF,71200045
12432,23.037.018/0001-63,MACSO LEGATE AUDITORES INDEPENDENTES,ATIVO,2015-10-26,SEDE,"RUA BELA CINTRA, 1200",2º ANDAR,CERQUEIRA CESAR,SÃO PAULO,SP,1415002
3042,62.657.242/0001-00,MAGALHÃES ANDRADE S/S AUDITORES INDEPENDENTES,ATIVO,1978-11-01,SEDE,"AV BRIG FARIA LIMA, 1893","6 AND, CJ. 61 E 62",JD. PAULISTANO,SÃO PAULO,SP,1452001
4960,34.622.217/0001-55,"MAION & OLIVEIRA, AUDITORES INDEPENDENTES S/S",ATIVO,1990-10-18,SEDE,"RUA VOLUNTÁRIOS DA PÁTRIA, 1088",2º ANDAR,SANTANA,SÃO PAULO,SP,2010100
13358,49.695.987/0001-03,MAIS AUDITORES INDEPENDENTES,ATIVO,2023-05-16,SEDE,AV PROFESSOR OTHON GAMA D'ECA,Nº 900 - SL 908,CENTRO,FLORIANÓPOLIS,SC,88015240
9709,05.502.678/0001-96,MANDARINO & ASSOCIADOS AUDITORES,ATIVO,2003-05-05,SEDE,"RUA ALCINDO GUANABARA, 25",SALA 1703,CENTRO,RIO DE JANEIRO,RJ,20031130
13030,29.952.938/0001-93,MAPAH AUDITORES INDEPENDENTES II S/S,ATIVO,2020-06-16,SEDE,"AV. AMERICANO DO BRASIL,, 876",,SETOR MARISTA,GOIÂNIA,GO,74180010
4472,79.370.466/0001-39,MARTINELLI AUDITORES,ATIVO,1989-02-10,SEDE,"RUA DONA FRANCISCA, 1113",10º E 11º ANDAR,SAGUAÇU,JOINVILLE,SC,89221006
4472,79.370.466/0001-39,MARTINELLI AUDITORES,ATIVO,1989-02-10,FILIAL,"Avenida Gisele Constantino, 1850","4º andar, Sala 419",Parque Bela Vista,VOTORANTIM,SP,18110650
4472,79.370.466/0001-39,MARTINELLI AUDITORES,ATIVO,1989-02-10,FILIAL SP,"Avenida Paulista, 688, null","conjunto 121, 12º andar, Edifício Santa Felippa",Bela Vista,SÃO PAULO,SP,1310909
4472,79.370.466/0001-39,MARTINELLI AUDITORES,ATIVO,1989-02-10,FILIAL CASCAVEL,"RUA PARAGUAI, 605",,CENTRO,CASCAVEL,PR,85805020
4472,79.370.466/0001-39,MARTINELLI AUDITORES,ATIVO,1989-02-10,FILIAL CURITIBA,"AV. 7 DE SETEMBRO, 4476","8° ANDAR, SLS. 805 E 806",BATEL,CURITIBA,PR,80250210
4472,79.370.466/0001-39,MARTINELLI AUDITORES,ATIVO,1989-02-10,FILIAL CRICIUMA,"RUA CEL. PEDRO BENEDET, 190",SALA 212,CENTRO,CRICIÚMA,SC,88801250
4472,79.370.466/0001-39,MARTINELLI AUDITORES,ATIVO,1989-02-10,FILIAL PR 02,"AVENIDA PEDRO TAQUES, 294","13º ANDAR, SALA 1308",ZONA 03,MARINGÁ,PR,87030000
4472,79.370.466/0001-39,MARTINELLI AUDITORES,ATIVO,1989-02-10,FILIAL RS 02,"AV. SENADOR TARSO DUTRA, 605","TORRE CORPORATE, SL 1703",PETRÓPOLIS,PORTO ALEGRE,RS,90690140
4472,79.370.466/0001-39,MARTINELLI AUDITORES,ATIVO,1989-02-10,FILIAL FLORIANÓPOLIS,"RUA GENERAL LIBERATO BITTENCOURT, 1475",SALA 108,CANTO,FLORIANÓPOLIS,SC,88070800
4472,79.370.466/0001-39,MARTINELLI AUDITORES,ATIVO,1989-02-10,FILIAL GOIANIA,"RUA T-55, 930","14º ANDAR, SALA 1408",SETOR BUENO,GOIÂNIA,GO,74215170
4472,79.370.466/0001-39,MARTINELLI AUDITORES,ATIVO,1989-02-10,FILIAL CUIABÁ,"RUA DAS FLORES, 945",SALA 604,JARDIM CUIABÁ,CUIABÁ,MT,78043172
4472,79.370.466/0001-39,MARTINELLI AUDITORES,ATIVO,1989-02-10,FILIAL RECIFE,"AV FERNANDO SIMÕES BARBOSA, 266","EMPRESARIAL WECON VI, SL. 1305",BOA VIAGEM,RECIFE,PE,51020390
3328,18.692.848/0001-94,MATTOSO AUDITORES INDEPENDENTES & ASSOCIADOS LTDA.,ATIVO,1978-11-01,SEDE,"AV. ÁLVARES CABRAL, 1835",2º ANDAR - SL. 203,SANTO AGOSTINHO,BELO HORIZONTE,MG,30170008
11207,03.805.426/0001-00,MB - AUDITORES INDEPENDENTES SOCIEDADE SIMPLES,ATIVO,2009-05-07,SEDE,"RUA SÃO JOÃO, 27",SL. 02,CENTRO,BEBEDOURO,SP,14700010
8443,03.606.521/0001-85,MBAUDIT - AUDITORES INDEPENDENTES S/S,ATIVO,2000-03-14,SEDE,"Avenida Professor Paula Soares, 264",,Jardim Itu,PORTO ALEGRE,RS,91220450
12777,28.551.814/0001-33,MCO AUDITORES INDEPENDENTES,ATIVO,2018-02-19,SEDE,"RUA CRISTÓVÃO PEREIRA, 1626",CJ 1404,CAMPO BELO,SÃO PAULO,SP,4620012
12513,23.854.307/0001-55,MCS MARKUP AUDITORES INDEPENDENTES S/S,ATIVO,2016-04-13,SEDE,"RUA SÃO JOSÉ, 70",17º ANDAR,CENTRO,RIO DE JANEIRO,RJ,20010903
2275,78.583.788/0001-01,MELO & MELO AUDITORES INDEPENDENTES,ATIVO,1985-03-11,SEDE,"RUA CAPITÃO SOUZA FRANCO, 848",5º AND - CJ. 53,BATEL,CURITIBA,PR,80730420
3875,47.860.515/0001-25,MERITO AUDITORES INDEPENDENTES,ATIVO,1978-11-01,SEDE,"AVENIDA IRAÍ, 393","10 º AND, CONJ 105",INDIANOPOLIS,SÃO PAULO,SP,4082001
13277,43.384.179/0001-30,METROPOLE - AUDITORES INDEPENDENTES ASSOCIADOS S/S,ATIVO,2022-12-01,SEDE,"ST SRTVN, 124","QD 701, CONJ C - ALA B - SALAS 515, 517 E 519 A",ASA NORTE,BRASÍLIA,DF,70719903
12173,15.454.120/0001-36,MGI ASSURANCE AUDITORES INDEPENDENTES SS,ATIVO,2014-07-11,SEDE,"RUA DR. MANOEL PEDRO, 365",CONJUNTO 1601,CABRAL,CURITIBA,PR,80035030
7960,03.324.816/0001-69,MGI SENGER-WAGNER AUDITORES INDEPENDENTES,ATIVO,1999-08-25,SEDE,"AV. ANGÉLICA, 1968",1º AND CJ 11,HIGIENOPOLIS,SÃO PAULO,SP,1228200
7960,03.324.816/0001-69,MGI SENGER-WAGNER AUDITORES INDEPENDENTES,ATIVO,1999-08-25,FILIAL RS,"RUA DR. NILO PEÇANHA, 3245",6º ANDAR - SL. 606,CHÁCARA DAS PEDRAS,PORTO ALEGRE,RS,91330001
10910,09.356.626/0001-00,MICHELON AUDITORES E CONSULTORES SOCIEDADE SIMPLES,ATIVO,2008-05-05,SEDE,"RUA SANTOS DUMONT, 1500",SALA 1203,FLORESTA,PORTO ALEGRE,RS,90230240
11860,15.656.807/0001-54,MJK AUDITORES INDEPENDENTES,ATIVO,2012-08-07,SEDE,"RUA PRES. JUSCELINO KUBITSCHEK, 1358","1º ANDAR, SL 01",CENTRO,CASCAVEL,PR,85805002
8990,04.167.310/0001-56,MODA AUDITORES INDEPENDENTES S/S,ATIVO,2001-04-30,SEDE,"RUA TIRADENTES, 1200",6º ANDAR SALA 62,CENTRO,PIRACICABA,SP,13400765
7854,03.191.208/0001-23,MOORE CONSULTING NEWS AUDITORES INDEPENDENTES,ATIVO,1999-07-01,SEDE,"RUA PERNAMBUCO, 554",1101,SAVASSI,BELO HORIZONTE,MG,30130156
10073,04.217.271/0001-54,MOORE CWB AUDITORES INDEPENDENTES S/S,ATIVO,2004-05-28,SEDE,"RUA ALMIRANTE TAMANDARÉ, 738",,ALTO DA XV,CURITIBA,PR,80045170
6777,00.600.000/0001-22,MOORE KSM AUDITORES INDEPENDENTES,ATIVO,1997-03-18,SEDE,"AV. PAULISTA, 2444","18º ANDAR, CJS. 183 E 184",CERQUEIRA CÉSAR,SÃO PAULO,SP,1310300
11231,81.144.818/0001-80,MOORE METRI AUDITORES LTDA,ATIVO,2009-06-05,SEDE,"AV. JUSCELINO  KUBITSCHEK, 410",BLOCO B - SL. 807,CENTRO,JOINVILLE,SC,89201906
11835,02.159.736/0001-32,MOORE MSLL LIMA LUCCHESI AUDITORES E CONTADORES LTDA.,ATIVO,2012-07-23,SEDE,"AV. VEREADOR JOSÉ DINIZ, 3707","4º ANDAR, CJ 42 - SALA A",BROOKLIN,SÃO PAULO,SP,4603905
10510,07.048.269/0001-97,MOORE PRIME AUDITORES E CONSULTORES SOCIEDADE SIMPLES,ATIVO,2006-04-03,SEDE,"AV CRISTÓVÃO COLOMBO, 3084","707, ED WALL STREET",HIGIENÓPOLIS,PORTO ALEGRE,RS,90540072
6483,68.323.807/0001-07,MOORE PRISMA AUDITORES INDEPENDENTES,ATIVO,1996-02-15,SEDE,"RUA MILTON JOSÉ ROBUSTI, 75",15º AND-CONJ 1504,JARDIM BOTANICO,RIBEIRÃO PRETO,SP,14021613
13544,55.750.261/0001-10,MOORE TRINITY AUDITORES INDEPENDENTES,ATIVO,2025-08-18,SEDE,"Rua Gustavo Ambrust, 36",TERREO CJ 01,Nova Campinas,CAMPINAS,SP,13092106
12807,23.143.024/0001-03,MOORE VR AUDITORES & CONSULTORES LTDA,ATIVO,2018-06-08,SEDE,SBS Quadra 2,"QUADRA 02 - BLOCO Q, SLS. 905/907 ED. JOÃO CARLOS SAAD",Asa Sul,BRASÍLIA,DF,70070120
12807,23.143.024/0001-03,MOORE VR AUDITORES & CONSULTORES LTDA,ATIVO,2018-06-08,FILIAL DF,"SETOR BANCÁRIO SUL, 0","QUADRA 02 - BLOCO Q, SLS. 905/7",,BRASÍLIA,DF,70070120
10901,09.285.766/0001-34,MOREIRA ASSOCIADOS AUDITORES INDEPENDENTES S/S,ATIVO,2008-04-29,SEDE,"Rua São Joaquim, 1085",,Centro,SÃO LEOPOLDO,RS,93010190
13366,20.361.437/0001-68,MRU AUDITORES INDEPENDENTES LTDA,ATIVO,2023-06-01,SEDE,"AVENIDA RIO BRANCO, 53",SL. 1301,CENTRO,RIO DE JANEIRO,RJ,20090004
11428,12.018.605/0001-99,MÜLLER & PREI AUDITORES INDEPENDENTES S/S,ATIVO,2010-08-11,SEDE,"R EURÍPEDES GARCEZ  NASCIMENTO, 1200",SL 04,AHÚ,CURITIBA,PR,80540280
10553,07.945.703/0001-31,MÜLLEREYNG AUDITORES INDEPENDENTES S/S - EPP,ATIVO,2006-07-10,SEDE,"RUA MARTINHO LUTERO, 207",SL. 302,PINHEIRINHO,CRICIÚMA,SC,88804470
10693,05.566.854/0001-53,MULTICON AUDITORIA E ASSESSORIA CONTÁBIL S/S,ATIVO,2007-04-13,SEDE,"TRAV. PEDRO MODESTO RAMPI, 18",SL. 306,AZENHA,PORTO ALEGRE,RS,90650060
13331,49.518.506/0001-86,MUNICK AUDITORES INDEPENDENTES S/S,ATIVO,2023-03-28,SEDE,"RUA FAGUNDES VARELA, 2067",,BACACHERI,CURITIBA,PR,82520702
12963,27.905.964/0001-35,MV AUDITORES INDEPENDENTES S/S,ATIVO,2019-07-30,SEDE,"Avenida Carlos Gomes, 1000",Sala 502,Três Figueiras,PORTO ALEGRE,RS,90470282
3638,47.194.915/0001-49,NARA - KOISEKI AUDITORES INDEPENDENTES,ATIVO,1978-11-01,SEDE,"RUA CONCEIÇÃO VELOSO, 205",,VILA MARIANA,SÃO PAULO,SP,4110120
3034,92.838.150/0001-97,"NARDON, NASI - AUDITORES INDEPENDENTES S/S EPP",ATIVO,1978-11-01,SEDE,"RUA DR. FLORÊNCIO YGARTUA, 270","ED. PARK TOWER, 9º ANDAR",MOINHOS DE VENTO,PORTO ALEGRE,RS,90430010
3034,92.838.150/0001-97,"NARDON, NASI - AUDITORES INDEPENDENTES S/S EPP",ATIVO,1978-11-01,FILIAL CURITIBA,"PRAÇA OSORIO, 379",10. AND,,CURITIBA,PR,80020010
12033,19.280.834/0001-26,NEXT AUDITORES INDEPENDENTES S/S LTDA.,ATIVO,2014-01-22,SEDE,"RUA ITAPIRANGA, 233",SALA 16,VELHA,BLUMENAU,SC,89036230
13412,39.483.386/0001-75,NIX AUDITORES INDEPENDENTES,ATIVO,2023-08-09,SEDE,"Rua Comendador Macedo, 62","sala 501, 5º andar",Centro,CURITIBA,PR,80060030
10634,08.347.086/0001-35,NOVA MASTER AUDITORES INDEPENDENTES,ATIVO,2007-01-08,SEDE,"RUA DOMINGOS DE MORAIS, 2777",8º ANDAR - CJ. 84,VILA MARIANA,SÃO PAULO,SP,4035001
6831,01.678.460/0001-36,NUNES FERREIRA AUDITORES INDEPENDENTES S/S,ATIVO,1997-07-04,SEDE,"R. LOURENCO PINTO, 196",CJ. 1001,CENTRO,CURITIBA,PR,80010160
13340,48.328.534/0001-78,"NUSS, ARAUJO & POLITELO AUDITORES INDEPENDENTES",ATIVO,2023-03-30,SEDE,"Rua Doutor Pedro Zimmermann, 7127",sala 102,Itoupava Central,BLUMENAU,SC,89069001
7927,59.941.765/0001-79,OLIVEIRA & ASSOCIADOS AUDITORES INDEPENDENTES,ATIVO,1999-08-06,SEDE,"AV. ROLAND GARROS, 309",,JD. BRASIL,SÃO PAULO,SP,2235000
8702,03.912.825/0001-70,OPINIÃO AUDITORES INDEPENDENTES,ATIVO,2000-09-01,SEDE,"RUA SÃO JOSÉ, 90",SALA 2006,CENTRO,RIO DE JANEIRO,RJ,20010020
5223,65.082.513/0001-34,OPINION AUDITORES INDEPENDENTES EPP,ATIVO,1991-08-09,SEDE,"RUA HENRIQUE SERTÓRIO, 564",13º AND. - S. 1303,TATUAPÉ,SÃO PAULO,SP,3066065
3310,17.171.307/0001-58,ORPLAN - AUDITORES INDEPENDENTES,ATIVO,1978-11-01,SEDE,"RUA RIO DE JANEIRO, 1005",SALA 1201,CENTRO,BELO HORIZONTE,MG,30160043
12940,31.530.945/0001-49,OWL AUDITORES INDEPENDENTES SOCIEDADE UNIPESSOAL DE NATUREZA SIMPLES LTDA,ATIVO,2019-03-19,SEDE,"SHN, 0","QD 01, CONJ A, BL. A - ED LE QUARTIER HOTEL E BUREAU, SALA 615",ASA NORTE,BRASÍLIA,DF,70701000
11576,12.446.321/0001-01,P & L AUDITORES INDEPENDENTES S/S,ATIVO,2011-05-12,SEDE,"AV. DES. MOREIRA, 1701",SL. 101,PAPICU,FORTALEZA,CE,60175145
12114,10.826.120/0001-04,PADIANI AUDITORES INDEPENDENTES LTDA.,ATIVO,2014-05-13,SEDE,"RUA CÉLIO LUIZ ZANOTTO, 85",SALA 02,FLORA VILLE,BOITUVA,SP,18550800
5711,67.185.280/0001-20,PADRAO AUDITORIA S/S,ATIVO,1992-08-25,SEDE,"RUA MAJOR MARAGLIANO, 341",,VILA MARIANA,SÃO PAULO,SP,4017030
10375,07.435.254/0001-81,PAES DE MENEZES AUDITORES ASSOCIADOS S/S,ATIVO,2005-10-03,SEDE,"RUA MARECHAL DEODORO, 235",SL. 41,CENTRO,SÃO JOÃO DA BOA VISTA,SP,13870223
8834,02.694.572/0001-43,PAIVA AUDITORES INDEPENDENTES,ATIVO,2000-11-30,SEDE,"RUA MAESTRO CARDIM, 1191",12 ANDAR -CJTO 123,PARAISO,SÃO PAULO,SP,1323001
9156,68.720.242/0001-93,PARANÁ AUDITORES ASSOCIADOS S/S,ATIVO,2001-10-02,SEDE,"AVENIDA REPUBLICA ARGENTINA, 2275",SALA 714,PORTAO,CURITIBA,PR,80610260
12122,08.903.743/0001-83,PARKER RUSSELL BRASIL AUDITORES INDEPENDENTES S/S LTDA.,ATIVO,2014-05-15,SEDE,"AV. LINS DE VASCONCELOS, 1042",CONJUNTO 93,ACLIMAÇÃO,SÃO PAULO,SP,1538000
11010,05.992.740/0001-75,PARTNER AUDITORES INDEPENDENTES S/S,ATIVO,2008-10-01,SEDE,"RUA ITAPICURU, 613",CJ. 114 - 19º SUBDISTRITO,PERDIZES,SÃO PAULO,SP,5006000
4596,03.604.238/0001-14,PELEGRINI & RODRIGUES AUDITORES INDEPENDENTES S/S,ATIVO,1989-06-15,SEDE,"SBS, 12","QD 02 - BLOCO E, SL 601",ASA SUL,BRASÍLIA,DF,70070120
7978,03.352.227/0001-94,PEPPE ASSOCIADOS -  CONSULTORES & AUDITORES INDEPENDENTES,ATIVO,1999-09-08,SEDE,"RUA SÔNIA RIBEIRO, 202",,PINHEIROS,SÃO PAULO,SP,5407002
9865,01.681.852/0001-54,PERFECTUM AUDITORIA INDEPENDENTE S/S,ATIVO,2003-08-05,SEDE,"RUA APPEL, 754",CASA,NOSSA SRA DE FATIMA,SANTA MARIA,RS,97015030
2704,29.184.207/0001-45,PGBR RJ AUDITORES INDEPENDENTES,ATIVO,1985-10-14,SEDE,"RUA MÉXICO, 11",802,CENTRO,RIO DE JANEIRO,RJ,20031144
3336,60.881.356/0001-03,PGBR RODYO'S AUDITORES INDEPENDENTES S.S.,ATIVO,1978-11-01,SEDE,"AVENIDA BRIGADEIRO FARIA LIMA, 3144",3º ANDAR,ITAIM BIBI,SÃO PAULO,SP,1451000
13226,42.669.988/0001-26,PGS AUDITORES INDEPENDENTES INDEPENDENTES,ATIVO,2022-08-04,SEDE,"Rua Padre Machado, 455",CONJ 14,Bosque da Saúde,SÃO PAULO,SP,4127000
11096,10.292.352/0001-11,PHF - AUDITORES INDEPENDENTES S/S,ATIVO,2008-12-01,SEDE,"RUA ONDINA, 75","SL.601,602",PINA,RECIFE,PE,51011180
11096,10.292.352/0001-11,PHF - AUDITORES INDEPENDENTES S/S,ATIVO,2008-12-01,FILIAL BELO HORIZONTE,"RUA RODRIGUES CALDAS, 726",SL. 1204,STO. AGOSTINHO,BELO HORIZONTE,MG,3090120
13234,44.672.168/0001-19,PITMEN AUDITORES INDEPENDENTES S.S.,ATIVO,2022-08-17,SEDE,"RUA DO RUSSEL, 804",4º ANDAR,GLÓRIA,RIO DE JANEIRO,RJ,22210907
12254,10.924.241/0001-80,PKF AFFIANCE BRAZIL AUDITORES INDEPENDENTES LTDA,ATIVO,2014-12-08,SEDE,"Rua Alves Guimarães, 462",2º andar,Pinheiros,SÃO PAULO,SP,5410000
12254,10.924.241/0001-80,PKF AFFIANCE BRAZIL AUDITORES INDEPENDENTES LTDA,ATIVO,2014-12-08,FILIAL 01,"RUA THOMAS EDSON, 2203",SALA 04,HORTO,TERESINA,PI,64052770
12254,10.924.241/0001-80,PKF AFFIANCE BRAZIL AUDITORES INDEPENDENTES LTDA,ATIVO,2014-12-08,FILIAL RIO DE JANEIRO,"RUA MÉXICO, 148",SL. 1102,CENTRO,RIO DE JANEIRO,RJ,20031906
11398,58.799.685/0001-68,PLANNERS AUDITORES INDEPENDENTES,ATIVO,2010-01-07,SEDE,"Rua Caramuru, 417",cj 37,Saúde,SÃO PAULO,SP,4138001
13447,51.641.578/0001-68,PLM AUDITORIA S/S,ATIVO,2023-12-21,SEDE,"RUA GENERAL ANDRADE NEVES, 9",SALA 414,CENTRO,NITERÓI,RJ,24210000
6092,67.643.825/0001-03,PP&C AUDITORES INDEPENDENTES S/S,ATIVO,1994-09-08,SEDE,"ALAMEDA SANTOS, 1940","1º ANDAR, CJ 11 - SL 01",CERQUEIRA CESAR,SÃO PAULO,SP,1418002
6092,67.643.825/0001-03,PP&C AUDITORES INDEPENDENTES S/S,ATIVO,1994-09-08,FILIAL RIO DE JANEIRO,"RUA SÃO JOSÉ, 20",8º AND. / SL. 801,CENTRO,RIO DE JANEIRO,RJ,20010020
11630,37.465.705/0001-94,"PRADO, SUZUKI & ASSOCIADOS S/S",ATIVO,2011-10-04,SEDE,"RUA DES. JOSÉ BARROS DO VALE, 3",,DUQUE DE CAXIAS,CUIABÁ,MT,78043292
10588,07.796.259/0001-30,PREMIUMMAXX AUDITORES INDEPENDENTES LTDA,ATIVO,2006-08-31,SEDE,"AV. FLAMBOYANTS DA PENÍNSULA, 100",BL 3-SLS 201/7,BARRA DA TIJUCA,RIO DE JANEIRO,RJ,22776070
2879,61.562.112/0001-20,PRICEWATERHOUSECOOPERS AUDITORES INDEPENDENTES LTDA.,ATIVO,1978-11-01,SEDE,"AV. BRIGADEIRO FARIA LIMA, 3732","ED. ADALMIRO DELLAPE BAPTISTA  B32, 16º ANDAR - PARTES 1 A 6",ITAIM BIBI,SÃO PAULO,SP,4538132
2879,61.562.112/0001-20,PRICEWATERHOUSECOOPERS AUDITORES INDEPENDENTES LTDA.,ATIVO,1978-11-01,FILIAL SP,"AV. MARCOS PENTEADO DE ULHÔA RODRIGUES, 939","CJ. 1201 - 12º ANDAR - PARTE 1 - ED. JATOBÁ, COND CASTELO BRANCO OFFICE PARK",TAMBORÉ,BARUERI,SP,6460040
2879,61.562.112/0001-20,PRICEWATERHOUSECOOPERS AUDITORES INDEPENDENTES LTDA.,ATIVO,1978-11-01,FILIAL DF,"SHS, 0","QD. 06 - CJ. A - BL. C, SALAS 801/811",,BRASÍLIA,DF,70322915
2879,61.562.112/0001-20,PRICEWATERHOUSECOOPERS AUDITORES INDEPENDENTES LTDA.,ATIVO,1978-11-01,FILIAL MG,"R. DOS INCONFIDENTES, 911","17º ANDAR / CJS. 1701-2, 18º AND / CJ. 1801",SAVASSI,BELO HORIZONTE,MG,30140120
2879,61.562.112/0001-20,PRICEWATERHOUSECOOPERS AUDITORES INDEPENDENTES LTDA.,ATIVO,1978-11-01,FILIAL RS,"RUA MOSTARDEIRO, 800","8 AND, parte 3",MOINHO DE VENTOS,PORTO ALEGRE,RS,90430000
2879,61.562.112/0001-20,PRICEWATERHOUSECOOPERS AUDITORES INDEPENDENTES LTDA.,ATIVO,1978-11-01,FILIAL PR,"ALAMEDA DR. CARLOS DE CARVALHO, 417","ED. CURITIBA TRADE OFFICE BUILDING - CJS. 1001, 1002, 1104, 1701 E 1702",CENTRO,CURITIBA,PR,80410180
2879,61.562.112/0001-20,PRICEWATERHOUSECOOPERS AUDITORES INDEPENDENTES LTDA.,ATIVO,1978-11-01,FILIAL BA,"AV. TANCREDO NEVES, 2539","22º ANDAR - SLS. 2201-2 / 2204-5 / 2207-9 / 2211-16, ED CEO SALVADOR SH",CAMINHO DAS ÁRVORES,SALVADOR,BA,41820021
2879,61.562.112/0001-20,PRICEWATERHOUSECOOPERS AUDITORES INDEPENDENTES LTDA.,ATIVO,1978-11-01,FILIAL GO,"AV 136, 0","LT 32/36/1/5 SL. A-1005, PRU WALL STREET",COND NEW YORK SQUARE,GOIÂNIA,GO,74093250
2879,61.562.112/0001-20,PRICEWATERHOUSECOOPERS AUDITORES INDEPENDENTES LTDA.,ATIVO,1978-11-01,FILIAL CAMPINAS,"Avenida Selma Parada, 505",(Bailarina) - conjunto1104 (parte),Jardim Madalena,CAMPINAS,SP,13091605
2879,61.562.112/0001-20,PRICEWATERHOUSECOOPERS AUDITORES INDEPENDENTES LTDA.,ATIVO,1978-11-01,FILIAL RIBEIRÃO PRETO,"Rua Paschoal Bardaro, 1075","15º andar, sala 151",Jardim Botânico,RIBEIRÃO PRETO,SP,14021655
2879,61.562.112/0001-20,PRICEWATERHOUSECOOPERS AUDITORES INDEPENDENTES LTDA.,ATIVO,1978-11-01,FILIAL PR 02,"AV. PEDRO TAQUES, 294",,ZONA 10,MARINGÁ,PR,87030000
2879,61.562.112/0001-20,PRICEWATERHOUSECOOPERS AUDITORES INDEPENDENTES LTDA.,ATIVO,1978-11-01,FILIAL FLORIANÓPOLIS,"Rodovia José Carlos Daux, 4120","Sala 302, parte 1",Vargem Pequena,FLORIANÓPOLIS,SC,88052401
2879,61.562.112/0001-20,PRICEWATERHOUSECOOPERS AUDITORES INDEPENDENTES LTDA.,ATIVO,1978-11-01,FILIAL FORTALEZA,"AV. DESEMBARGADOR MOREIRA, 1300","BS DESIGN CORPORATE TOWERS - TORRE NORTE, SL. 1513",ALDEOTA,FORTALEZA,CE,60170002
2879,61.562.112/0001-20,PRICEWATERHOUSECOOPERS AUDITORES INDEPENDENTES LTDA.,ATIVO,1978-11-01,FILIAL RECIFE,"RUA PADRE CARAPUCEIRO, 910","21º ANDAR - ED. EMP. ACÁCIO GIL BORSOI, SALA 2101 PARTE",BOA VIAGEM,RECIFE,PE,51020280
2879,61.562.112/0001-20,PRICEWATERHOUSECOOPERS AUDITORES INDEPENDENTES LTDA.,ATIVO,1978-11-01,FILIAL SÃO JOSÉ DOS CAMPOS,"Avenida São João, 2200","17º andar, sala 1703",Jardim das Colinas,SÃO JOSÉ DOS CAMPOS,SP,12242000
2879,61.562.112/0001-20,PRICEWATERHOUSECOOPERS AUDITORES INDEPENDENTES LTDA.,ATIVO,1978-11-01,FILIAL RIO DE JANEIRO,"RUA DO RUSSEL, 804","7º ANDAR - SL. 701, ED. MANCHETE",GLÓRIA,RIO DE JANEIRO,RJ,22210907
10286,07.033.317/0001-73,PRIME AUDITORES INDEPENDENTES S/S - EPP,ATIVO,2005-05-18,SEDE,"RUA TURIASSÚ, 127",3º ANDAR - CJ. 32 E 33,PERDIZES,SÃO PAULO,SP,5005001
10286,07.033.317/0001-73,PRIME AUDITORES INDEPENDENTES S/S - EPP,ATIVO,2005-05-18,FILIAL GOIANIA,"AVENIDA C-255, 370","QD 600, LT 01 SALA 306",SETOR NOVA SUIÇA,GOIÂNIA,GO,74280010
8907,04.102.908/0001-67,PROGRESS AUDITORES INDEPENDENTES,ATIVO,2001-02-05,SEDE,"RUA CONCEIÇÃO, 233",11º ANDAR - SL1104,CENTRO,CAMPINAS,SP,13010050
8907,04.102.908/0001-67,PROGRESS AUDITORES INDEPENDENTES,ATIVO,2001-02-05,FILIAL SP,"RUA DR ALFREDO DE CASTRO, 200","ED TRADEMARK PAC, CJ 412 - PARTE",BARRA FUNDA,SÃO PAULO,SP,1155060
8680,02.924.087/0001-19,PROSPECTA AUDITORES ASSOCIADOS S/S,ATIVO,2000-07-28,SEDE,"RUA REPÚBLICA ARGENTINA, 751",,PONTA AGUDA,BLUMENAU,SC,89050100
9458,04.404.879/0001-98,PSW BRASIL AUDITORES INDEPENDENTES,ATIVO,2002-09-09,SEDE,"RUA FRANCISCO ROCHA, 2026",,BIGORRILHO,CURITIBA,PR,80710540
8559,01.591.859/0001-85,R & M AUDITORES INDEPENDENTES E CONSULTORES S/S,ATIVO,2000-05-18,SEDE,"AV. CONSELHEIRO FURTADO, 2391",GRUPO 109/705,CREMAÇÃO,BELÉM,PA,66040100
8460,38.725.438/0001-00,R&R AUDITORIA E CONSULTORIA - EPP,ATIVO,2000-04-03,SEDE,"Rua Tomé de Souza, 273",12o. andar,Savassi,BELO HORIZONTE,MG,30140130
13110,28.798.390/0001-06,R4 AUDITORIA INDEPENDENTE S/S - ME,ATIVO,2021-07-16,SEDE,"RUA ANFILÓFIO DE CARVALHO, 29",SL 917 E 918,CENTRO,RIO DE JANEIRO,RJ,20030901
6700,32.646.846/0001-90,RAAC AUDITORES E CONSULTORES INDEPENDENTES SOCIEDADE SIMPLES,ATIVO,1997-01-16,SEDE,"AV LUÍS VIANA, 6462","ED. WALL STREET, SALAS 127 / 128",PARALELA,SALVADOR,BA,41730101
9733,05.465.151/0001-39,RAMIRES & CIA - AUDITORES  INDEPENDENTES  SOCIEDADE SIMPLES,ATIVO,2003-06-04,SEDE,"AV. ASSIS BRASIL, 3316",SALA 705,CRISTO REDENTOR,PORTO ALEGRE,RS,91010003
13390,47.569.752/0001-31,RBORDIGNON AUDITORES INDEPENDENTES LTDA,ATIVO,2023-07-12,SEDE,"Avenida Marquês de São Vicente, 2219",conjunto 1111 - 11º andar - Ed. Time Office,Água Branca,SÃO PAULO,SP,5036040
8982,02.510.250/0001-05,"REIS CONSULTORIA, AUDITORIA AUDITORES INDEPENDENTES",ATIVO,2001-04-11,SEDE,"RUA SENADOR DANTAS, 71",SALA 701,CENTRO,RIO DE JANEIRO,RJ,20031202
12041,18.393.898/0001-70,RENGI TREVOR AUDITORES INDEPENDENTES SOCIEDADE SIMPLES,ATIVO,2014-01-23,SEDE,"AV. DR. CHUCRI ZAIDAN, 1550",CONJ317 - 3º ANDAR,VILA SÃO FRANCISCO,SÃO PAULO,SP,4711130
9792,05.341.241/0001-18,RICARTE AUDITORES INDEPENDENTES S/S,ATIVO,2003-07-10,SEDE,"RUA VEREADOR JOÃO CALAZANS, 98",SALA 02,PRAIA 13 DE JULHO,ARACAJU,SE,49020030
12793,25.026.445/0001-71,RIOS & VIANA AUDITORES INDEPENDENTES S/S,ATIVO,2018-05-21,SEDE,"AVENIDA PAULISTA, 1765",7º ANDAR - CJ. 72,BELA VISTA,SÃO PAULO,SP,1311200
12580,24.844.770/0001-89,RNC - RIO NOVO AUDITORES INDEPENDENTES S/S,ATIVO,2016-06-23,SEDE,"RUA ENXOVIA, 472","15º ANDAR, CONJ 1505",VILA SÃO FRANCISCO,SÃO PAULO,SP,4711030
11142,07.679.313/0001-67,RÖDL & PARTNER AUDITORES INDEPENDENTES,ATIVO,2009-01-22,SEDE,"RUA VERBO DIVINO, 1488",3º AND. - SL. 31-A,CHÁCARA STO ANTONIO (ZONA SUL),SÃO PAULO,SP,4719002
11142,07.679.313/0001-67,RÖDL & PARTNER AUDITORES INDEPENDENTES,ATIVO,2009-01-22,FILIAL CAMPINAS,"AV. ROCHA BOMFIM, 214","COND PRAÇA CAPITAL - BLOCO C FRANKFURT, SLS 129/130",CENTER STA GENEBRA,CAMPINAS,SP,13080650
11142,07.679.313/0001-67,RÖDL & PARTNER AUDITORES INDEPENDENTES,ATIVO,2009-01-22,FILIAL CURITIBA,"ALAMEDA CARLOS DE CARVALHO, 555",SALA 72,CENTRO,CURITIBA,PR,80035040
7048,02.063.967/0001-48,ROKEMBACH & CIA. AUDITORES LTDA.,ATIVO,1998-02-18,SEDE,"AV. CARLOS GOMES, 328",CJ. 401,BOA VISTA,PORTO ALEGRE,RS,90480000
7048,02.063.967/0001-48,ROKEMBACH & CIA. AUDITORES LTDA.,ATIVO,1998-02-18,FILIAL SÃO PAULO,"ALAMEDA SANTOS, 1767",TÉRREO 1773,CERQUEIRA CÉSAR,SÃO PAULO,SP,1419100
13200,43.995.582/0001-04,RONSKOSKI AUDITORES INDEPENDENTES S/S,ATIVO,2022-05-31,SEDE,"RUA BARÃO DO CERRO AZUL, 952",SL. 206,CENTRO,SÃO JOSÉ DOS PINHAIS,PR,83005430
9091,04.228.455/0001-10,ROSITO & FILOMENA AUDITORES INDEPENDENTES,ATIVO,2001-08-27,SEDE,"RUA SÃO MANOEL, 1197",CJ 501,RIO BRANCO,PORTO ALEGRE,RS,90620110
11444,07.377.136/0001-64,RSM ACAL AUDITORES INDEPENDENTES S/S,ATIVO,2010-08-25,SEDE,"RUA TEIXEIRA DE FREITAS, 31","ED. CENTRO EMPRESARIAL ARCOS DA LAPA, SL. 1201 PARTE",CENTRO,RIO DE JANEIRO,RJ,20021350
11444,07.377.136/0001-64,RSM ACAL AUDITORES INDEPENDENTES S/S,ATIVO,2010-08-25,FILIAL CURITIBA,"RUA HEITOR STOCKLER DE FRANÇA, 396","SALAS 1401, 1411 E 1412, ED. NEO BUSINESS",CENTRO CÍVICO,CURITIBA,PR,80030030
11878,16.549.480/0001-84,RSM BRASIL AUDITORES INDEPENDENTES LTDA.,ATIVO,2012-08-16,SEDE,"AV. MARQUÊS DE SÃO VICENTE, 182",2º AND. / CJ. 23,VÁRZEA DA BARRA FUNDA,SÃO PAULO,SP,1139000
11878,16.549.480/0001-84,RSM BRASIL AUDITORES INDEPENDENTES LTDA.,ATIVO,2012-08-16,FILIAL FORTALEZA,"AV. WASHINGTON SOARES, 55 - ED. IGUATEMI EMPRESARIAL",2º ANDAR - SL. 205,,FORTALEZA,CE,60811341
11878,16.549.480/0001-84,RSM BRASIL AUDITORES INDEPENDENTES LTDA.,ATIVO,2012-08-16,FILIAL SÃO PAULO,"ALAMEDA ARAGUAIA, 2190",SALA 1601,ALPHAVILLE INDUSTRIAL,BARUERI,SP,6455000
11878,16.549.480/0001-84,RSM BRASIL AUDITORES INDEPENDENTES LTDA.,ATIVO,2012-08-16,FILIAL SALVADOR,"AV. TANCREDO NEVES, 2539","ED. CEO SALVADOR SHOPPING - TORRE LONDRES, 25º ANDAR",CAMINHO DAS ÁRVORES,SALVADOR,BA,41820021
11878,16.549.480/0001-84,RSM BRASIL AUDITORES INDEPENDENTES LTDA.,ATIVO,2012-08-16,FILIAL BELO HORIZONTE,"RUA RIO GRANDE DO NORTE, 1436",7º ANDAR,FUNCIONÁRIOS,BELO HORIZONTE,MG,30130138
11878,16.549.480/0001-84,RSM BRASIL AUDITORES INDEPENDENTES LTDA.,ATIVO,2012-08-16,FILIAL RIO DE JANEIRO,"RUA SÃO JOSÉ, 40",4º ANDAR,CENTRO,RIO DE JANEIRO,RJ,20010020
11592,13.098.174/0001-80,RUSSELL BEDFORD GM AUDITORES INDEPENDENTES S/S,ATIVO,2011-07-29,SEDE,"ALAMEDA RIO NEGRO, 1030","COND. STADIUM - ALPHAVILLE CENTRO IND E EMPRESARIAL, ESCRITÓRIO 206",ALPHAVILLE,BARUERI,SP,6454000
5010,35.330.125/0001-64,SÁ LEITÃO AUDITORES S/S,ATIVO,1990-11-21,SEDE,"RUA GENERAL JOAQUIM INÁCIO, 790","EMPRESARIAL SÁ LEITÃO, 9º ANDAR / SL. 901",PAISSANDU,RECIFE,PE,50070495
6017,74.006.719/0001-76,SACHO - AUDITORES INDEPENDENTES,ATIVO,1994-04-14,SEDE,"RUA REDENCAO, 66",,CHACARA TATUAPE,SÃO PAULO,SP,3060010
4359,16.188.609/0001-76,SANTANA & SOUSA AUDITORES INDEPENDENTES,ATIVO,1988-08-09,SEDE,"AV TANCREDO NEVES, 1222","S/105, EDF CATABAS TOWER",CAMINHO DAS ARVORES,SALVADOR,BA,41820020
12106,19.204.243/0001-70,SAPPIA AUDITORES E CONSULTORES,ATIVO,2014-04-24,SEDE,"RUA FORTALEZA, 76",CONJUNTO 1-D,SAGUAÇU,JOINVILLE,SC,89221650
10880,09.253.880/0001-82,SAX AUDITORES INDEPENDENTES - SOCIEDADE SIMPLES - ME,ATIVO,2008-03-05,SEDE,"RUA CEL. ABÍLIO SOARES, 261",SL. 71 / CJ. 01,CENTRO,SANTO ANDRÉ,SP,9020260
11541,12.360.506/0001-90,SCHENFELDER SALGUEIRO TOMAZINI AUDITORES ASSOCIADOS S/S,ATIVO,2011-01-26,SEDE,"AVENIDA MIGUEL SUTIL, 8388",EDIFICIO AVANT GARDE  SALA 409,SANTA ROSA,CUIABÁ,MT,78040365
3964,90.987.942/0001-06,SCHIMITT AUDITORES S/S,ATIVO,1987-01-06,SEDE,"AV. BENTO GONÇALVES, 1757","SL. 203,301 E 302",PARTENON,PORTO ALEGRE,RS,90650002
5487,81.140.576/0001-56,SELECTA AUDITORES INDEPENDENTES S/S,ATIVO,1992-05-11,SEDE,"RUA DOUTOR JOÃO COLIN, 1285",SALA 03,AMÉRICA,JOINVILLE,SC,89204001
10731,03.156.926/0001-69,SÊNIOR AUDITORES INDEPENDENTES S/S,ATIVO,2007-05-25,SEDE,"RUA ARTHUR THOMAS, 576",SALA 402-A,CENTRO - ZONA 1,MARINGÁ,PR,87013250
7307,62.641.535/0001-07,SENSO AUDITORES INDEPENDENTES,ATIVO,1998-10-21,SEDE,"AV DIVINO SALVADOR, 646",,INDIANÓPOLIS,SÃO PAULO,SP,4078012
11550,12.110.347/0001-76,SÉRGIO STAHN AUDITORES INDEPENDENTES S/S,ATIVO,2011-01-31,SEDE,"RUA INAMBU, 496",SL. 03,COSTA E SILVA,JOINVILLE,SC,89220001
8796,01.710.008/0001-04,SESE AUDITORES S/C,SUSPENSO(A) - DECISÃO ADM,2018-12-18,SEDE,"AV. TREZE DE MAIO, 47",SL. 1113 (PARTE),CENTRO,RIO DE JANEIRO,RJ,20031921
12203,11.948.133/0001-00,SGA AUDITORES INDEPENDENTES,ATIVO,2014-10-13,SEDE,"RUA TIJUCO PRETO, 393",CONJUNTO 94,TATUAPÉ,SÃO PAULO,SP,3316000
9253,02.398.578/0001-73,SGS AUDITORES INDEPENDENTES LTDA,ATIVO,2002-03-07,SEDE,"Avenida Queiroz Filho, 1700","TORRE D, SALA 608",Vila Hamburguesa,SÃO PAULO,SP,5319000
2356,50.332.527/0001-91,SICON AUDITORES INDEPENDENTES,SUSPENSO(A) - DECISÃO ADM,2023-06-28,SEDE,"R MARQUES DE ITU, 70",1ª ANDAR,VILA BUARQUE,SÃO PAULO,SP,1223000
9237,71.753.164/0001-38,SIMIONATO AUDITORES INDEPENDENTES,ATIVO,2002-01-22,SEDE,"RUA RAFAEL ANDRADE DUARTE, 232",,NOVA CAMPINAS,CAMPINAS,SP,13092180
11746,72.557.549/0001-92,SIQUEIRA & ASSOCIADOS AUDITORES INDEPENDENTES,ATIVO,2012-02-29,SEDE,"RUA DA GLÓRIA, 314",CONJ. 22,CENTRO CÍVICO,CURITIBA,PR,80030060
2011,07.326.762/0001-21,SISTEMA AUDITORES INDEPENDENTES,ATIVO,1984-01-17,SEDE,"AV DOM LUIS, 500",15.AND SL 1515,ALDEOTA,FORTALEZA,CE,60160230
8869,01.350.715/0001-37,SR - AUDITORES E CONSULTORES S/S,ATIVO,2001-01-18,SEDE,"RUA DOUTOR BOLIVAR DE ABREU, 45",,BENTO FERREIRA,VITÓRIA,ES,29050685
11517,07.791.963/0001-08,STAFF AUDITORIA & ASSESSORIA,ATIVO,2010-12-08,SEDE,"Rua Doutor Las Casas dos Santos, 68",conjunto 61,São Bernardo,CAMPINAS,SP,13030490
4499,79.366.092/0001-88,STEINBACH & AUDITORES ASSOCIADOS,ATIVO,1989-02-22,SEDE,"Rua Sete de Setembro, 1600",Sala  709 - Tarumã Office,Centro,BLUMENAU,SC,89010204
7463,01.420.601/0001-16,TAG AUDITORIA E CONSULTORIA EMPRESARIAL S/S,ATIVO,1999-02-22,SEDE,"PRAÇA TIRADENTES, 10",SL. 402,CENTRO,RIO DE JANEIRO,RJ,20060070
12220,20.840.718/0001-01,TATICCA AUDITORES INDEPENDENTES S.S. - EPP,ATIVO,2014-11-03,SEDE,"RUA DOUTOR GERALDO CAMPOS MOREIRA, 375",SALA 51,CIDADE MONÇÕES,SÃO PAULO,SP,4571020
12220,20.840.718/0001-01,TATICCA AUDITORES INDEPENDENTES S.S. - EPP,ATIVO,2014-11-03,FILIAL PORTO ALEGRE,"ALAMEDA COELHO NETO, 40",SL. 301,BOA VISTA,PORTO ALEGRE,RS,91340340
12220,20.840.718/0001-01,TATICCA AUDITORES INDEPENDENTES S.S. - EPP,ATIVO,2014-11-03,FILIAL BLUMENAU,"RUA ALWIN SCHRADER, 223",SL. 304,CENTRO,BLUMENAU,SC,89015000
12220,20.840.718/0001-01,TATICCA AUDITORES INDEPENDENTES S.S. - EPP,ATIVO,2014-11-03,FILIAL BELO HORIZONTE,"RUA PARAÍBA, 550",SL. 900,SAVASSI,BELO HORIZONTE,MG,30130141
8320,03.566.241/0001-90,TBRT AUDITORES INDEPENDENTES SOCIEDADE SIMPLES,ATIVO,2000-02-02,SEDE,"AVENIDA DR LUIZ GAMBETA SARMENTO, 454",,SANTO ANTONIO,SÃO JOÃO DA BOA VISTA,SP,13871200
5878,66.865.544/0001-24,TECNOAUD AUDITORES INDEPENDENTES S/S,ATIVO,1993-07-27,SEDE,"RUA MARTINIANO DE CARVALHO, 864",11º ANDAR CJ 1104,PARAÍSO,SÃO PAULO,SP,1321000
5053,38.726.261/0001-66,TEIXEIRA & ASSOCIADOS AUDITORES INDEPENDENTES,ATIVO,1990-12-14,SEDE,"RUA PARAÍBA, 1352",CONJ 1201 (PARTE),FUNCIONÁRIOS,BELO HORIZONTE,MG,30130141
12778,11.243.822/0001-10,TGS COMPASS AUDITORES INDEPENDENTES SOCIEDADE SIMPLES,ATIVO,2018-01-26,SEDE,"RUA CAMPOS SALES, 490",14º ANDAR - CJ 142,CENTRO,SANTO ANDRÉ,SP,9015200
12190,07.765.419/0001-83,TJS AUDITORIA & CONSULTORIA EMPRESARIAL,ATIVO,2014-08-20,SEDE,"AV. CRISTÓVÃO COLOMBO, 550",SALA 901,FUNCIONÁRIOS,BELO HORIZONTE,MG,30140150
4987,60.902.798/0001-99,TRÍADE AUDITORES INDEPENDENTES,ATIVO,1990-11-09,SEDE,"AV. NOVE DE JULHO, 5569",2º ANDAR - CJ. 21,ITAIM BIBI,SÃO PAULO,SP,1407200
11991,15.574.556/0001-69,TRÍPLICE AUDITORIA,ATIVO,2013-11-11,SEDE,"RUA ANITA GARIBALDI, 2401",SL. 09,BOA VISTA,PORTO ALEGRE,RS,90480200
13242,05.750.330/0001-18,TSA AUDITORES ASSOCIADOS SOCIEDADE SIMPLES,ATIVO,2022-08-22,SEDE,"RUA FELIPE NERI, 298",SL. 202,AUXILIADORA,PORTO ALEGRE,RS,90440150
3158,42.170.852/0001-77,UHY BENDORAYTES & CIA AUDITORES INDEPENDENTES,ATIVO,1978-11-01,SEDE,"AV. JOÃO CABRAL DE MELLO NETO, 850",BL3 - SLS. 1301 A 1305,BARRA DA TIJUCA,RIO DE JANEIRO,RJ,22775057
3158,42.170.852/0001-77,UHY BENDORAYTES & CIA AUDITORES INDEPENDENTES,ATIVO,1978-11-01,FILIAL SÃO PAULO,"AV. DAS NAÇÕES UNIDAS, 12399","TORRE C - 7º PAVIMENTO, SLS. 73-A E 74-A",IBIRAPUERA,SÃO PAULO,SP,4578000
6785,37.992.922/0001-32,UNIÃO AUDITORES INDEPENDENTES S/S,ATIVO,1997-04-03,SEDE,"SCS, 92",Q/02 BL/C S/201,ASA SUL,BRASÍLIA,DF,70302908
11754,11.801.292/0001-88,UNITY AUDITORES INDEPENDENTES,ATIVO,2012-03-26,SEDE,"AV. PRESTES MAIA, 241",21º ANDAR- SL 2102,CENTRO,SÃO PAULO,SP,1031902
13250,45.200.924/0001-70,UP AUDITORES E CONSULTORES,ATIVO,2022-09-19,SEDE,"RUA JOSE BIANCHI, 555","SAIA 716, 7º ANDAR",NOVA RIBEIRANIA,RIBEIRÃO PRETO,SP,14096730
12351,08.020.271/0001-10,UPWARDS AUDITORES INDEPENDENTES S/S. EPP,ATIVO,2015-05-15,SEDE,"RUA BACAETAVA, 191",13º ANDAR - SL 1.309,VILA GERTRUDES,SÃO PAULO,SP,4705010
13480,12.865.597/0001-16,VAC AUDITORES INDEPENDENTES,ATIVO,2024-06-21,SEDE,"Rua Vergueiro, 3558",1º andar - cj. 110 parte,Vila Mariana,SÃO PAULO,SP,4102001
13480,12.865.597/0001-16,VAC AUDITORES INDEPENDENTES,ATIVO,2024-06-21,FILIAL SÃO JOSÉ DOS CAMPOS,"AV. SÃO JOÃO, 2375 - 4º ANDAR, null",CJ. 401 (PARTE),JD. DAS COLINAS,SÃO JOSÉ DOS CAMPOS,SP,12242000
11894,13.976.330/0001-69,VALORUP AUDITORES INDEPENDENTES LTDA.,ATIVO,2012-09-04,SEDE,"Avenida Maurílio Biagi, 1870",Térreo - sl. 1,Santa Cruz do José Jacques,RIBEIRÃO PRETO,SP,14020750
12475,23.542.593/0001-13,VALUCONCEPT AUDITORES INDEPENDENTES S/S,ATIVO,2016-01-08,SEDE,"RUA DEP. HEITOR ALENCAR FURTADO, 3415",5º ANDAR,CAMPO COMPRIDO,CURITIBA,PR,81200528
12475,23.542.593/0001-13,VALUCONCEPT AUDITORES INDEPENDENTES S/S,ATIVO,2016-01-08,FILIAL SÃO PAULO,"RUA PADRE JOÃO MANOEL, 755","16º ANDAR, CONJUNTO 161",CERQUEIRA CÉSAR,SÃO PAULO,SP,1411900
13307,28.881.518/0001-09,VALUTARE AUDITORES INDEPENDENTES SS LTDA.,ATIVO,2023-02-17,SEDE,"AVENIDA CENTENÁRIO, 3773",SALA 703,CENTRO,CRICIÚMA,SC,88801001
2186,17.327.388/0001-32,VAZ & MAIA AUDITORES INDEPENDENTES,ATIVO,1985-03-07,SEDE,"AVENIDA AFONSO PENA, 726",SALA 701,CENTRO,BELO HORIZONTE,MG,30130902
6009,63.376.180/0001-20,VEECK & CIA.  AUDITORES,ATIVO,1994-02-24,SEDE,"AV. DOM LUÍS, 906",CONJ. 801,ALDEOTA,FORTALEZA,CE,60160196
2950,53.825.600/0001-55,VENEZIANI AUDITORES INDEPENDENTES,ATIVO,1984-12-27,SEDE,"RUA JOSÉ BONIFÁCIO, 93",CONJ 101 E 102,CENTRO,SÃO PAULO,SP,1003001
10332,95.285.417/0001-54,VERITAS AUDITORES & CONSULTORES ASSOCIADOS,ATIVO,2005-08-25,SEDE,"RUA LIBERATO SALZANO VIEIRA DA CUNHA, 1133",,SÃO CRISTÓVÃO,LAJEADO,RS,95913180
13455,48.130.471/0001-40,VERITAS BRASIL AUDITORES INDEPENDENTES LTDA,ATIVO,2023-12-22,SEDE,"AV GENERAL MAC ARTHUR, 418 - SALA 205",EDF. UNICENTER EMPRESARIAL,IMBIRIBEIRA,RECIFE,PE,51160280
10677,02.796.387/0001-60,VÉRTICE & MASC - AUDITORIA CONTÁBIL,ATIVO,2007-02-27,SEDE,"TRAVESSA DO OUVIDOR, 17",SALA 402,CENTRO,RIO DE JANEIRO,RJ,20040040
3689,83.280.859/0001-29,VGA AUDITORES INDEPENDENTES SOCIEDADE SIMPLES LTDA,ATIVO,1978-11-01,SEDE,"Avenida Hercílio Luz, 639","Sala 411, Alpha Centauri",Centro,FLORIANÓPOLIS,SC,88020000
3689,83.280.859/0001-29,VGA AUDITORES INDEPENDENTES SOCIEDADE SIMPLES LTDA,ATIVO,1978-11-01,FILIAL MANAUS,"RUA BELO HORIZONTE, 19","SALA 414, THE PLACE BUSINESS",ADRIANÓPOLIS,MANAUS,AM,69057060
12971,07.071.420/0001-08,VILLELA E ASSOCIADOS AUDITORIA E CONSULTORIA S/S,ATIVO,2019-09-24,SEDE,"Rua Orlando Moretzsohn, 82",,Buritis,BELO HORIZONTE,MG,30575300
12971,07.071.420/0001-08,VILLELA E ASSOCIADOS AUDITORIA E CONSULTORIA S/S,ATIVO,2019-09-24,FILIAL GOIANIA,"RUA 72,",S/N,JARDIM GOIÁS,GOIÂNIA,GO,74805480
12971,07.071.420/0001-08,VILLELA E ASSOCIADOS AUDITORIA E CONSULTORIA S/S,ATIVO,2019-09-24,FILIAL VITÓRIA,"RUA CONSTANTE SODRÉ, 750",SALA 703-A,SANTA LÚCIA,VITÓRIA,ES,29056210
13285,07.944.178/0001-30,VISION AUDITORIA LTDA,ATIVO,2023-01-16,SEDE,"RUA DEZESSETE DE MAIO, 205",SALA 302,CAMOBI,SANTA MARIA,RS,97105070
11959,17.431.185/0001-91,VOX AUDITORES INDEPENDENTES S/S,ATIVO,2013-05-02,SEDE,"RUA JOÃO PESSOA, 835",SALA 10A,BAIRRO VELHA,BLUMENAU,SC,89036000
8710,42.465.302/0001-85,WALTER HEUER - WH AUDITORES INDEPENDENTES,ATIVO,2000-09-11,SEDE,"AV ALMIRANTE BARROSO, 2",13º - PARTE,CENTRO,RIO DE JANEIRO,RJ,20031000
8710,42.465.302/0001-85,WALTER HEUER - WH AUDITORES INDEPENDENTES,ATIVO,2000-09-11,FILIAL SP,"RUA DOM JOSE DE BARROS, 264",11º PARTE,,SÃO PAULO,SP,1038000
8710,42.465.302/0001-85,WALTER HEUER - WH AUDITORES INDEPENDENTES,ATIVO,2000-09-11,FILIAL MG,"RUA COLETOR CELSO WERNECK, 129",,SANTO ANTONIO,BELO HORIZONTE,MG,30350010
8710,42.465.302/0001-85,WALTER HEUER - WH AUDITORES INDEPENDENTES,ATIVO,2000-09-11,FILIAL BELEM,"RUA CASTELO BRANCO, 811",,PARQUE GUAJARÁ,BELÉM,PA,66821205
12785,26.625.242/0001-64,WGI - WORK GROUP INTERNATIONAL SS - EPP,ATIVO,2018-04-06,SEDE,"RUA ARANDU, 57",12º AND CONJ 122,BROOKLIN PAULISTA,SÃO PAULO,SP,4562030
12424,11.689.939/0001-21,WORK7 AUDITORES INDEPENDENTES LTDA,ATIVO,2015-10-19,SEDE,"RUA C137, 1422","QD 298, LOTE 15",JARDIM AMÉRICA,GOIÂNIA,GO,74275060
12670,24.882.658/0001-32,YPC AUDITUN S AUDITORIA INDEPENDENTE S/S,ATIVO,2017-02-20,SEDE,"AV. BRIG. FARIA LIMA, 3144",3º ANDAR - CJ. 32C,JD PAULISTANO,SÃO PAULO,SP,1451000
